order_id,customer_id,product_id,payment_id,order_date,quantity,total_amount,name,email,country,product_name,category,price,sales_value,order_month
1,1,1,1,2025-08-19 07:35:08.364172,5,144.76,Customer 1,customer1@example.com,Canada,Laptop 1,Beauty,144.76,723.8,2025-08
2,2,2,2,2026-03-11 07:35:08.364262,1,360.85,Customer 2,customer2@example.com,Usa,Keyboard 2,Home,360.85,360.85,2026-03
3,3,3,3,2025-12-08 07:35:08.364480,5,57.39,Customer 3,customer3@example.com,Canada,Smartphone 3,Books,57.39,286.95,2025-12
4,4,4,4,2026-06-21 07:35:08.364521,2,355.24,Customer 4,customer4@example.com,India,Mouse 4,Home,355.24,710.48,2026-06
5,5,5,5,2025-10-31 07:35:08.364561,2,338.39,Customer 5,customer5@example.com,India,Camera 5,Home,338.39,676.78,2025-10
6,6,6,6,2026-04-14 07:35:08.364600,5,1238.04,Customer 6,customer6@example.com,India,Laptop 6,Home,412.68,2063.4,2026-04
7,7,7,7,2025-10-06 07:35:08.364636,4,156.84,Customer 7,customer7@example.com,Australia,Headphones 7,Fashion,78.42,313.68,2025-10
8,8,8,8,2026-01-17 07:35:08.364679,5,176.78,Customer 8,customer8@example.com,Canada,Headphones 8,Beauty,88.39,441.95,2026-01
9,9,9,9,2026-03-19 07:35:08.364719,5,153.82,Customer 9,customer9@example.com,France,Camera 9,Electronics,153.82,769.0999999999999,2026-03
10,10,10,10,2026-07-22 07:35:08.364757,1,767.26,Customer 10,customer10@example.com,Germany,Headphones 10,Fashion,383.63,383.63,2026-07
11,11,11,11,2025-10-23 07:35:08.364799,2,978.42,Customer 11,customer11@example.com,Canada,Printer 11,Electronics,489.21,978.42,2025-10
12,12,12,12,2025-12-12 07:35:08.364836,1,497.62,Customer 12,customer12@example.com,Germany,Smartwatch 12,Books,497.62,497.62,2025-12
13,13,13,13,2026-02-12 07:35:08.364873,1,1070.52,Customer 13,customer13@example.com,Germany,Laptop 13,Electronics,356.84,356.84,2026-02
14,14,14,14,2025-12-23 07:35:08.364911,3,811.34,Customer 14,customer14@example.com,Australia,Tablet 14,Books,405.67,1217.01,2025-12
15,15,15,15,2025-10-30 07:35:08.364950,4,366.82,Customer 15,customer15@example.com,Canada,Laptop 15,Books,366.82,1467.28,2025-10
16,16,16,16,2026-05-07 07:35:08.364988,4,69.58,Customer 16,customer16@example.com,Australia,Keyboard 16,Electronics,34.79,139.16,2026-05
17,17,17,17,2026-04-11 07:35:08.365024,1,449.31,Customer 17,customer17@example.com,Japan,Smartwatch 17,Books,149.77,149.77,2026-04
18,18,18,18,2025-09-30 07:35:08.365061,1,261.42,Customer 18,customer18@example.com,Australia,Keyboard 18,Sports,87.14,87.14,2025-09
19,19,19,19,2025-08-23 07:35:08.365098,3,215.42,Customer 19,customer19@example.com,Usa,Mouse 19,Electronics,215.42,646.26,2025-08
20,20,20,20,2025-11-14 07:35:08.365134,3,234.56,Customer 20,customer20@example.com,India,Smartphone 20,Electronics,234.56,703.6800000000001,2025-11
21,21,21,21,2026-05-24 07:35:08.365181,3,269.18,Customer 21,customer21@example.com,France,Mouse 21,Beauty,269.18,807.54,2026-05
22,22,22,22,2026-07-05 07:35:08.365217,1,962.34,Customer 22,customer22@example.com,India,Tablet 22,Beauty,320.78,320.78,2026-07
23,23,23,23,2026-06-23 07:35:08.365253,2,679.5,Customer 23,customer23@example.com,France,Headphones 23,Beauty,226.5,453.0,2026-06
24,24,24,24,2025-08-16 07:35:08.365289,2,1351.5,Customer 24,customer24@example.com,Usa,Smartwatch 24,Fashion,450.5,901.0,2025-08
25,25,25,25,2026-05-01 07:35:08.365328,3,976.68,Customer 25,customer25@example.com,Uk,Tablet 25,Home,488.34,1465.02,2026-05
26,26,26,26,2026-04-08 07:35:08.365365,1,356.97,Customer 26,customer26@example.com,Japan,Laptop 26,Books,118.99,118.99,2026-04
27,27,27,27,2026-03-20 07:35:08.365433,2,1028.88,Customer 27,customer27@example.com,India,Keyboard 27,Books,342.96,685.92,2026-03
28,28,28,28,2026-04-25 07:35:08.365484,3,492.28,Customer 28,customer28@example.com,India,Speaker 28,Sports,492.28,1476.84,2026-04
29,29,29,29,2026-05-29 07:35:08.365525,3,132.87,Customer 29,customer29@example.com,Germany,Camera 29,Books,44.29,132.87,2026-05
30,30,30,30,2025-09-19 07:35:08.365563,5,671.64,Customer 30,customer30@example.com,Uk,Tablet 30,Books,335.82,1679.1,2025-09
31,31,31,31,2026-05-06 07:35:08.365601,1,453.32,Customer 31,customer31@example.com,India,Printer 31,Books,226.66,226.66,2026-05
32,32,32,32,2025-09-22 07:35:08.365642,1,164.4,Customer 32,customer32@example.com,France,Tablet 32,Home,82.2,82.2,2025-09
33,33,33,33,2025-12-26 07:35:08.365682,2,331.47,Customer 33,customer33@example.com,Japan,Tablet 33,Home,331.47,662.94,2025-12
34,34,34,34,2025-09-21 07:35:08.365720,5,674.22,Customer 34,customer34@example.com,Australia,Headphones 34,Books,337.11,1685.5500000000002,2025-09
35,35,35,35,2025-12-18 07:35:08.365758,1,437.64,Customer 35,customer35@example.com,France,Tablet 35,Beauty,145.88,145.88,2025-12
36,36,36,36,2025-12-31 07:35:08.365794,4,246.64,Customer 36,customer36@example.com,Canada,Headphones 36,Home,123.32,493.28,2025-12
37,37,37,37,2026-03-01 07:35:08.365833,4,39.14,Customer 37,customer37@example.com,Japan,Mouse 37,Beauty,19.57,78.28,2026-03
38,38,38,38,2026-05-27 07:35:08.365870,5,601.62,Customer 38,customer38@example.com,Japan,Printer 38,Electronics,200.54,1002.6999999999999,2026-05
39,39,39,39,2025-12-11 07:35:08.365912,3,198.1,Customer 39,customer39@example.com,Japan,Headphones 39,Books,99.05,297.15,2025-12
40,40,40,40,2025-09-01 07:35:08.365949,1,499.95,Customer 40,customer40@example.com,Usa,Keyboard 40,Electronics,499.95,499.95,2025-09
41,41,41,41,2026-05-07 07:35:08.365987,5,1423.2,Customer 41,customer41@example.com,Australia,Smartphone 41,Sports,474.4,2372.0,2026-05
42,42,42,42,2026-04-21 07:35:08.366027,1,1364.79,Customer 42,customer42@example.com,France,Mouse 42,Beauty,454.93,454.93,2026-04
43,43,43,43,2025-11-14 07:35:08.366064,3,180.13,Customer 43,customer43@example.com,Canada,Mouse 43,Electronics,180.13,540.39,2025-11
44,44,44,44,2025-11-26 07:35:08.366103,4,192.62,Customer 44,customer44@example.com,Australia,Headphones 44,Books,96.31,385.24,2025-11
45,45,45,45,2026-02-15 07:35:08.366142,2,755.46,Customer 45,customer45@example.com,France,Printer 45,Home,377.73,755.46,2026-02
46,46,46,46,2026-01-04 07:35:08.366178,4,789.45,Customer 46,customer46@example.com,France,Keyboard 46,Electronics,263.15,1052.6,2026-01
47,47,47,47,2026-01-24 07:35:08.366215,4,624.48,Customer 47,customer47@example.com,Canada,Smartwatch 47,Home,208.16,832.64,2026-01
48,48,48,48,2026-05-31 07:35:08.366250,5,399.57,Customer 48,customer48@example.com,Australia,Smartwatch 48,Fashion,133.19,665.95,2026-05
49,49,49,49,2025-08-03 07:35:08.366289,5,155.16,Customer 49,customer49@example.com,France,Smartphone 49,Home,155.16,775.8,2025-08
50,50,50,50,2026-04-28 07:35:08.366325,1,582.58,Customer 50,customer50@example.com,Australia,Smartphone 50,Electronics,291.29,291.29,2026-04
51,51,51,51,2026-06-01 07:35:08.366437,5,814.92,Customer 51,customer51@example.com,Usa,Headphones 51,Home,407.46,2037.3,2026-06
52,52,52,52,2026-07-01 07:35:08.366473,5,1294.44,Customer 52,customer52@example.com,Australia,Printer 52,Fashion,431.48,2157.4,2026-07
53,53,53,53,2025-08-13 07:35:08.366510,5,560.96,Customer 53,customer53@example.com,Uk,Tablet 53,Home,280.48,1402.4,2025-08
54,54,54,54,2025-10-03 07:35:08.366548,2,248.76,Customer 54,customer54@example.com,Australia,Smartphone 54,Beauty,124.38,248.76,2025-10
55,55,55,55,2026-03-06 07:35:08.366586,4,91.3,Customer 55,customer55@example.com,Uk,Smartphone 55,Electronics,91.3,365.2,2026-03
56,56,56,56,2026-03-25 07:35:08.366623,1,303.04,Customer 56,customer56@example.com,Australia,Printer 56,Electronics,303.04,303.04,2026-03
57,57,57,57,2025-12-17 07:35:08.366661,3,383.92,Customer 57,customer57@example.com,France,Mouse 57,Electronics,383.92,1151.76,2025-12
58,58,58,58,2026-01-02 07:35:08.366697,4,334.64,Customer 58,customer58@example.com,India,Speaker 58,Fashion,167.32,669.28,2026-01
59,59,59,59,2025-08-29 07:35:08.366733,5,970.78,Customer 59,customer59@example.com,France,Camera 59,Electronics,485.39,2426.95,2025-08
60,60,60,60,2025-08-08 07:35:08.366773,4,140.86,Customer 60,customer60@example.com,Australia,Laptop 60,Home,140.86,563.44,2025-08
61,61,61,61,2025-09-03 07:35:08.366812,2,111.34,Customer 61,customer61@example.com,Usa,Keyboard 61,Books,55.67,111.34,2025-09
62,62,62,62,2025-11-13 07:35:08.366848,2,280.12,Customer 62,customer62@example.com,Australia,Tablet 62,Books,280.12,560.24,2025-11
63,63,63,63,2025-10-29 07:35:08.366884,4,588.32,Customer 63,customer63@example.com,France,Smartwatch 63,Sports,294.16,1176.64,2025-10
64,64,64,64,2025-12-01 07:35:08.366920,4,395.32,Customer 64,customer64@example.com,Germany,Tablet 64,Sports,197.66,790.64,2025-12
65,65,65,65,2026-01-03 07:35:08.366958,2,58.86,Customer 65,customer65@example.com,India,Smartphone 65,Books,58.86,117.72,2026-01
66,66,66,66,2025-11-24 07:35:08.366997,5,431.08,Customer 66,customer66@example.com,Canada,Camera 66,Beauty,431.08,2155.4,2025-11
67,67,67,67,2026-02-28 07:35:08.367033,1,489.39,Customer 67,customer67@example.com,Germany,Smartphone 67,Books,489.39,489.39,2026-02
68,68,68,68,2025-09-22 07:35:08.367069,4,861.9,Customer 68,customer68@example.com,Germany,Keyboard 68,Books,287.3,1149.2,2025-09
69,69,69,69,2025-10-25 07:35:08.367108,2,336.75,Customer 69,customer69@example.com,France,Printer 69,Fashion,336.75,673.5,2025-10
70,70,70,70,2026-04-01 07:35:08.367144,4,322.86,Customer 70,customer70@example.com,France,Printer 70,Fashion,107.62,430.48,2026-04
71,71,71,71,2025-11-19 07:35:08.367180,3,287.31,Customer 71,customer71@example.com,Japan,Smartwatch 71,Electronics,287.31,861.9300000000001,2025-11
72,72,72,72,2025-10-08 07:35:08.367216,3,980.13,Customer 72,customer72@example.com,Uk,Smartphone 72,Beauty,326.71,980.1299999999999,2025-10
73,73,73,73,2026-05-08 07:35:08.367254,3,878.94,Customer 73,customer73@example.com,Germany,Headphones 73,Sports,439.47,1318.41,2026-05
74,74,74,74,2026-05-29 07:35:08.367291,4,378.46,Customer 74,customer74@example.com,Germany,Speaker 74,Sports,189.23,756.92,2026-05
75,75,75,75,2025-09-03 07:35:08.367327,1,66.78,Customer 75,customer75@example.com,Canada,Tablet 75,Books,22.26,22.26,2025-09
76,76,76,76,2026-01-14 07:35:08.367365,4,133.8,Customer 76,customer76@example.com,Usa,Smartwatch 76,Books,66.9,267.6,2026-01
77,77,77,77,2026-04-11 07:35:08.367404,4,623.34,Customer 77,customer77@example.com,Japan,Smartphone 77,Books,311.67,1246.68,2026-04
78,78,78,78,2026-06-15 07:35:08.367444,2,435.54,Customer 78,customer78@example.com,India,Laptop 78,Books,145.18,290.36,2026-06
79,79,79,79,2026-02-13 07:35:08.367480,2,130.86,Customer 79,customer79@example.com,Uk,Mouse 79,Home,43.62,87.24,2026-02
80,80,80,80,2026-05-03 07:35:08.367516,3,17.28,Customer 80,customer80@example.com,Canada,Laptop 80,Home,17.28,51.84,2026-05
81,81,81,81,2026-07-09 07:35:08.367554,5,601.8,Customer 81,customer81@example.com,Australia,Camera 81,Sports,300.9,1504.5,2026-07
82,82,82,82,2025-09-23 07:35:08.367592,2,455.75,Customer 82,customer82@example.com,Canada,Printer 82,Beauty,455.75,911.5,2025-09
83,83,83,83,2026-06-11 07:35:08.367628,1,809.91,Customer 83,customer83@example.com,India,Speaker 83,Sports,269.97,269.97,2026-06
84,84,84,84,2025-08-25 07:35:08.367664,3,410.76,Customer 84,customer84@example.com,Japan,Camera 84,Books,205.38,616.14,2025-08
85,85,85,85,2025-10-17 07:35:08.367703,5,744.02,Customer 85,customer85@example.com,Japan,Smartphone 85,Beauty,372.01,1860.05,2025-10
86,86,86,86,2026-05-13 07:35:08.367740,4,163.1,Customer 86,customer86@example.com,Usa,Smartwatch 86,Sports,163.1,652.4,2026-05
87,87,87,87,2025-08-10 07:35:08.367780,3,487.53,Customer 87,customer87@example.com,Germany,Speaker 87,Sports,487.53,1462.59,2025-08
88,88,88,88,2025-09-10 07:35:08.367816,1,287.5,Customer 88,customer88@example.com,Usa,Headphones 88,Home,287.5,287.5,2025-09
89,89,89,89,2026-05-12 07:35:08.367854,5,363.58,Customer 89,customer89@example.com,Uk,Camera 89,Fashion,363.58,1817.8999999999999,2026-05
90,90,90,90,2026-03-08 07:35:08.367890,5,231.26,Customer 90,customer90@example.com,Australia,Speaker 90,Fashion,115.63,578.15,2026-03
91,91,91,91,2026-03-05 07:35:08.367925,3,157.7,Customer 91,customer91@example.com,Usa,Laptop 91,Home,157.7,473.09999999999997,2026-03
92,92,92,92,2026-07-10 07:35:08.367961,4,418.34,Customer 92,customer92@example.com,Germany,Keyboard 92,Sports,418.34,1673.36,2026-07
93,93,93,93,2025-12-08 07:35:08.367998,3,208.47,Customer 93,customer93@example.com,Japan,Smartwatch 93,Electronics,208.47,625.41,2025-12
94,94,94,94,2026-06-22 07:35:08.368037,5,1126.32,Customer 94,customer94@example.com,Canada,Speaker 94,Fashion,375.44,1877.2,2026-06
95,95,95,95,2026-05-14 07:35:08.368073,1,60.37,Customer 95,customer95@example.com,India,Headphones 95,Home,60.37,60.37,2026-05
96,96,96,96,2026-03-13 07:35:08.368110,5,225.48,Customer 96,customer96@example.com,India,Camera 96,Home,225.48,1127.3999999999999,2026-03
97,97,97,97,2026-01-16 07:35:08.368147,4,142.8,Customer 97,customer97@example.com,Usa,Camera 97,Fashion,47.6,190.4,2026-01
98,98,98,98,2026-06-18 07:35:08.370999,5,1437.84,Customer 98,customer98@example.com,Australia,Keyboard 98,Home,479.28,2396.3999999999996,2026-06
99,99,99,99,2025-08-18 07:35:08.371054,5,459.79,Customer 99,customer99@example.com,Uk,Camera 99,Fashion,459.79,2298.9500000000003,2025-08
100,100,100,100,2025-08-26 07:35:08.371099,2,729.26,Customer 100,customer100@example.com,Japan,Smartwatch 100,Fashion,364.63,729.26,2025-08
101,101,101,101,2025-08-06 07:35:08.371137,5,325.31,Customer 101,customer101@example.com,France,Keyboard 101,Books,325.31,1626.55,2025-08
102,102,102,102,2026-05-13 07:35:08.371174,1,948.72,Customer 102,customer102@example.com,Uk,Tablet 102,Fashion,474.36,474.36,2026-05
103,103,103,103,2025-09-15 07:35:08.371213,2,907.95,Customer 103,customer103@example.com,India,Mouse 103,Home,302.65,605.3,2025-09
104,104,104,104,2026-02-23 07:35:08.371250,4,378.67,Customer 104,customer104@example.com,Australia,Mouse 104,Fashion,378.67,1514.68,2026-02
105,105,105,105,2025-09-06 07:35:08.371287,4,805.24,Customer 105,customer105@example.com,Japan,Headphones 105,Home,402.62,1610.48,2025-09
106,106,106,106,2025-12-13 07:35:08.371326,3,82.2,Customer 106,customer106@example.com,France,Printer 106,Sports,82.2,246.60000000000002,2025-12
107,107,107,107,2026-02-10 07:35:08.371363,2,23.81,Customer 107,customer107@example.com,Canada,Camera 107,Home,23.81,47.62,2026-02
108,108,108,108,2026-05-16 07:35:08.371400,5,37.71,Customer 108,customer108@example.com,Australia,Printer 108,Sports,12.57,62.85,2026-05
109,109,109,109,2025-09-29 07:35:08.371440,5,126.84,Customer 109,customer109@example.com,France,Smartphone 109,Electronics,126.84,634.2,2025-09
110,110,110,110,2026-06-18 07:35:08.371480,5,365.76,Customer 110,customer110@example.com,Japan,Laptop 110,Sports,182.88,914.4,2026-06
111,111,111,111,2026-07-23 07:35:08.371517,3,31.33,Customer 111,customer111@example.com,Usa,Speaker 111,Books,31.33,93.99,2026-07
112,112,112,112,2025-08-15 07:35:08.371555,4,547.89,Customer 112,customer112@example.com,India,Headphones 112,Electronics,182.63,730.52,2025-08
113,113,113,113,2026-02-23 07:35:08.371591,5,62.94,Customer 113,customer113@example.com,Usa,Smartwatch 113,Home,31.47,157.35,2026-02
114,114,114,114,2025-12-20 07:35:08.371627,4,1302.72,Customer 114,customer114@example.com,France,Camera 114,Electronics,434.24,1736.96,2025-12
115,115,115,115,2026-04-30 07:35:08.371666,5,805.12,Customer 115,customer115@example.com,India,Keyboard 115,Fashion,402.56,2012.8,2026-04
116,116,116,116,2026-02-01 07:35:08.371702,5,437.6,Customer 116,customer116@example.com,Australia,Mouse 116,Beauty,218.8,1094.0,2026-02
117,117,117,117,2026-04-02 07:35:08.371742,3,851.7,Customer 117,customer117@example.com,Uk,Laptop 117,Home,425.85,1277.5500000000002,2026-04
118,118,118,118,2026-02-21 07:35:08.371780,3,383.91,Customer 118,customer118@example.com,India,Camera 118,Books,383.91,1151.73,2026-02
119,119,119,119,2025-08-10 07:35:08.371816,4,354.98,Customer 119,customer119@example.com,Canada,Smartwatch 119,Fashion,354.98,1419.92,2025-08
120,120,120,120,2026-06-28 07:35:08.371852,5,1452.33,Customer 120,customer120@example.com,Australia,Smartphone 120,Beauty,484.11,2420.55,2026-06
121,121,121,121,2025-11-21 07:35:08.371891,1,239.76,Customer 121,customer121@example.com,Uk,Camera 121,Sports,119.88,119.88,2025-11
122,122,122,122,2025-11-28 07:35:08.371928,5,84.44,Customer 122,customer122@example.com,Uk,Mouse 122,Electronics,42.22,211.1,2025-11
123,123,123,123,2025-09-07 07:35:08.371965,5,343.25,Customer 123,customer123@example.com,Canada,Printer 123,Books,343.25,1716.25,2025-09
124,124,124,124,2026-03-08 07:35:08.372003,1,178.72,Customer 124,customer124@example.com,Uk,Smartwatch 124,Home,89.36,89.36,2026-03
125,125,125,125,2025-09-25 07:35:08.372040,3,277.89,Customer 125,customer125@example.com,Canada,Keyboard 125,Beauty,92.63,277.89,2025-09
126,126,126,126,2025-10-25 07:35:08.372075,3,642.39,Customer 126,customer126@example.com,France,Tablet 126,Sports,214.13,642.39,2025-10
127,127,127,127,2025-09-24 07:35:08.372112,2,450.82,Customer 127,customer127@example.com,Canada,Laptop 127,Home,225.41,450.82,2025-09
128,128,128,128,2026-06-12 07:35:08.372148,1,477.14,Customer 128,customer128@example.com,Canada,Camera 128,Home,238.57,238.57,2026-06
129,129,129,129,2025-12-04 07:35:08.372185,4,326.46,Customer 129,customer129@example.com,India,Mouse 129,Beauty,163.23,652.92,2025-12
130,130,130,130,2025-08-21 07:35:08.372225,4,67.68,Customer 130,customer130@example.com,Germany,Mouse 130,Fashion,33.84,135.36,2025-08
131,131,131,131,2026-01-27 07:35:08.372262,5,64.34,Customer 131,customer131@example.com,India,Speaker 131,Fashion,32.17,160.85000000000002,2026-01
132,132,132,132,2026-05-19 07:35:08.372297,2,609.03,Customer 132,customer132@example.com,Canada,Headphones 132,Electronics,203.01,406.02,2026-05
133,133,133,133,2026-02-18 07:35:08.372336,2,467.84,Customer 133,customer133@example.com,India,Printer 133,Sports,233.92,467.84,2026-02
134,134,134,134,2026-06-05 07:35:08.372374,4,728.1,Customer 134,customer134@example.com,Australia,Mouse 134,Fashion,242.7,970.8,2026-06
135,135,135,135,2026-03-29 07:35:08.372412,1,736.26,Customer 135,customer135@example.com,Germany,Laptop 135,Sports,245.42,245.42,2026-03
136,136,136,136,2026-06-30 07:35:08.372448,2,329.73,Customer 136,customer136@example.com,Uk,Speaker 136,Beauty,109.91,219.82,2026-06
137,137,137,137,2025-08-17 07:35:08.372484,3,1370.82,Customer 137,customer137@example.com,India,Headphones 137,Books,456.94,1370.82,2025-08
138,138,138,138,2025-10-18 07:35:08.372520,3,223.14,Customer 138,customer138@example.com,France,Smartwatch 138,Beauty,111.57,334.71,2025-10
139,139,139,139,2025-08-30 07:35:08.372556,3,91.83,Customer 139,customer139@example.com,India,Headphones 139,Fashion,30.61,91.83,2025-08
140,140,140,140,2025-11-02 07:35:08.372592,2,935.04,Customer 140,customer140@example.com,France,Headphones 140,Electronics,311.68,623.36,2025-11
141,141,141,141,2025-11-29 07:35:08.372628,2,965.22,Customer 141,customer141@example.com,Canada,Headphones 141,Electronics,482.61,965.22,2025-11
142,142,142,142,2025-12-30 07:35:08.372666,2,364.33,Customer 142,customer142@example.com,Germany,Keyboard 142,Beauty,364.33,728.66,2025-12
143,143,143,143,2026-03-08 07:35:08.372702,4,864.9,Customer 143,customer143@example.com,Usa,Laptop 143,Fashion,288.3,1153.2,2026-03
144,144,144,144,2026-04-27 07:35:08.372740,1,516.12,Customer 144,customer144@example.com,France,Tablet 144,Electronics,172.04,172.04,2026-04
145,145,145,145,2026-05-21 07:35:08.372779,4,341.36,Customer 145,customer145@example.com,Japan,Speaker 145,Sports,170.68,682.72,2026-05
146,146,146,146,2025-08-11 07:35:08.372889,2,364.21,Customer 146,customer146@example.com,India,Smartwatch 146,Sports,364.21,728.42,2025-08
147,147,147,147,2026-04-10 07:35:08.372926,2,917.8,Customer 147,customer147@example.com,France,Smartphone 147,Beauty,458.9,917.8,2026-04
148,148,148,148,2026-06-20 07:35:08.372963,5,829.1,Customer 148,customer148@example.com,Australia,Keyboard 148,Beauty,414.55,2072.75,2026-06
149,149,149,149,2026-06-02 07:35:08.373003,2,250.29,Customer 149,customer149@example.com,Germany,Mouse 149,Sports,83.43,166.86,2026-06
150,150,150,150,2026-02-24 07:35:08.373041,1,427.12,Customer 150,customer150@example.com,Australia,Headphones 150,Sports,213.56,213.56,2026-02
151,151,151,151,2026-07-15 07:35:08.373077,3,994.24,Customer 151,customer151@example.com,India,Smartphone 151,Sports,497.12,1491.3600000000001,2026-07
152,152,152,152,2025-08-27 07:35:08.373113,5,436.11,Customer 152,customer152@example.com,India,Speaker 152,Books,436.11,2180.55,2025-08
153,153,153,153,2025-10-26 07:35:08.373149,4,1141.59,Customer 153,customer153@example.com,Uk,Tablet 153,Electronics,380.53,1522.12,2025-10
154,154,154,154,2026-03-30 07:35:08.373187,2,406.64,Customer 154,customer154@example.com,Germany,Smartphone 154,Electronics,406.64,813.28,2026-03
155,155,155,155,2026-07-03 07:35:08.373223,2,95.04,Customer 155,customer155@example.com,Usa,Tablet 155,Beauty,31.68,63.36,2026-07
156,156,156,156,2026-06-30 07:35:08.373261,5,1318.11,Customer 156,customer156@example.com,India,Tablet 156,Fashion,439.37,2196.85,2026-06
157,157,157,157,2026-05-16 07:35:08.373300,3,677.92,Customer 157,customer157@example.com,Usa,Camera 157,Beauty,338.96,1016.8799999999999,2026-05
158,158,158,158,2026-01-14 07:35:08.373336,2,571.14,Customer 158,customer158@example.com,Uk,Printer 158,Electronics,285.57,571.14,2026-01
159,159,159,159,2025-09-25 07:35:08.373372,5,416.41,Customer 159,customer159@example.com,Canada,Keyboard 159,Beauty,416.41,2082.05,2025-09
160,160,160,160,2026-06-01 07:35:08.373408,4,158.56,Customer 160,customer160@example.com,Australia,Tablet 160,Fashion,158.56,634.24,2026-06
161,161,161,161,2025-11-11 07:35:08.373444,4,476.92,Customer 161,customer161@example.com,India,Smartwatch 161,Books,238.46,953.84,2025-11
162,162,162,162,2025-10-08 07:35:08.373480,4,746.42,Customer 162,customer162@example.com,Usa,Mouse 162,Home,373.21,1492.84,2025-10
163,163,163,163,2025-09-06 07:35:08.373515,4,944.6,Customer 163,customer163@example.com,Australia,Keyboard 163,Beauty,472.3,1889.2,2025-09
164,164,164,164,2025-08-23 07:35:08.373551,1,479.05,Customer 164,customer164@example.com,Uk,Keyboard 164,Beauty,479.05,479.05,2025-08
165,165,165,165,2025-09-19 07:35:08.373588,4,700.32,Customer 165,customer165@example.com,Usa,Tablet 165,Sports,233.44,933.76,2025-09
166,166,166,166,2025-08-20 07:35:08.373627,4,144.62,Customer 166,customer166@example.com,Usa,Keyboard 166,Beauty,144.62,578.48,2025-08
167,167,167,167,2025-12-08 07:35:08.373663,5,399.52,Customer 167,customer167@example.com,France,Camera 167,Fashion,399.52,1997.6,2025-12
168,168,168,168,2025-08-06 07:35:08.373704,2,195.84,Customer 168,customer168@example.com,Usa,Smartphone 168,Books,195.84,391.68,2025-08
169,169,169,169,2025-08-15 07:35:08.373766,3,1354.86,Customer 169,customer169@example.com,Usa,Tablet 169,Home,451.62,1354.8600000000001,2025-08
170,170,170,170,2025-08-19 07:35:08.373806,5,313.3,Customer 170,customer170@example.com,Uk,Speaker 170,Electronics,156.65,783.25,2025-08
171,171,171,171,2025-09-30 07:35:08.373842,4,448.34,Customer 171,customer171@example.com,India,Laptop 171,Electronics,224.17,896.68,2025-09
172,172,172,172,2026-03-02 07:35:08.373877,2,1029.15,Customer 172,customer172@example.com,Japan,Speaker 172,Home,343.05,686.1,2026-03
173,173,173,173,2025-12-16 07:35:08.373916,3,373.48,Customer 173,customer173@example.com,Uk,Speaker 173,Fashion,186.74,560.22,2025-12
174,174,174,174,2026-01-15 07:35:08.373952,1,107.82,Customer 174,customer174@example.com,Japan,Smartphone 174,Electronics,53.91,53.91,2026-01
175,175,175,175,2026-06-29 07:35:08.373987,2,156.06,Customer 175,customer175@example.com,Uk,Speaker 175,Home,78.03,156.06,2026-06
176,176,176,176,2026-02-26 07:35:08.374021,1,632.54,Customer 176,customer176@example.com,France,Tablet 176,Beauty,316.27,316.27,2026-02
177,177,177,177,2026-01-09 07:35:08.374056,3,611.14,Customer 177,customer177@example.com,Uk,Smartwatch 177,Fashion,305.57,916.71,2026-01
178,178,178,178,2026-04-30 07:35:08.374093,5,466.71,Customer 178,customer178@example.com,Japan,Camera 178,Electronics,466.71,2333.5499999999997,2026-04
179,179,179,179,2026-05-14 07:35:08.374130,4,509.32,Customer 179,customer179@example.com,Canada,Speaker 179,Beauty,254.66,1018.64,2026-05
180,180,180,180,2025-09-30 07:35:08.374166,1,397.45,Customer 180,customer180@example.com,Japan,Keyboard 180,Electronics,397.45,397.45,2025-09
181,181,181,181,2025-11-08 07:35:08.374208,5,185.73,Customer 181,customer181@example.com,Japan,Camera 181,Books,61.91,309.54999999999995,2025-11
182,182,182,182,2026-06-02 07:35:08.374243,2,493.12,Customer 182,customer182@example.com,Uk,Camera 182,Electronics,246.56,493.12,2026-06
183,183,183,183,2026-07-09 07:35:08.374277,1,363.78,Customer 183,customer183@example.com,Australia,Smartphone 183,Books,363.78,363.78,2026-07
184,184,184,184,2026-04-04 07:35:08.374312,4,841.32,Customer 184,customer184@example.com,Germany,Keyboard 184,Home,280.44,1121.76,2026-04
185,185,185,185,2026-03-11 07:35:08.374346,1,661.44,Customer 185,customer185@example.com,Germany,Printer 185,Sports,220.48,220.48,2026-03
186,186,186,186,2026-01-12 07:35:08.374380,5,432.69,Customer 186,customer186@example.com,Canada,Smartwatch 186,Beauty,432.69,2163.45,2026-01
187,187,187,187,2026-02-25 07:35:08.374416,1,51.53,Customer 187,customer187@example.com,France,Mouse 187,Sports,51.53,51.53,2026-02
188,188,188,188,2026-03-06 07:35:08.374450,2,248.47,Customer 188,customer188@example.com,Japan,Speaker 188,Home,248.47,496.94,2026-03
189,189,189,189,2025-12-31 07:35:08.374484,4,818.92,Customer 189,customer189@example.com,Australia,Headphones 189,Home,409.46,1637.84,2025-12
190,190,190,190,2025-10-15 07:35:08.374519,4,360.51,Customer 190,customer190@example.com,France,Laptop 190,Fashion,120.17,480.68,2025-10
191,191,191,191,2026-06-09 07:35:08.374557,2,764.8,Customer 191,customer191@example.com,India,Keyboard 191,Electronics,382.4,764.8,2026-06
192,192,192,192,2025-09-11 07:35:08.374592,4,112.84,Customer 192,customer192@example.com,Australia,Smartphone 192,Home,112.84,451.36,2025-09
193,193,193,193,2026-03-04 07:35:08.374628,3,907.38,Customer 193,customer193@example.com,India,Keyboard 193,Fashion,302.46,907.3799999999999,2026-03
194,194,194,194,2026-02-17 07:35:08.374732,2,216.54,Customer 194,customer194@example.com,Usa,Smartwatch 194,Beauty,72.18,144.36,2026-02
195,195,195,195,2026-03-11 07:35:08.374770,3,94.0,Customer 195,customer195@example.com,Japan,Speaker 195,Books,47.0,141.0,2026-03
196,196,196,196,2026-01-09 07:35:08.374804,2,670.86,Customer 196,customer196@example.com,Canada,Printer 196,Beauty,335.43,670.86,2026-01
197,197,197,197,2025-12-08 07:35:08.374839,1,396.27,Customer 197,customer197@example.com,Uk,Mouse 197,Books,396.27,396.27,2025-12
198,198,198,198,2026-03-25 07:35:08.374874,1,315.82,Customer 198,customer198@example.com,Germany,Headphones 198,Beauty,157.91,157.91,2026-03
199,199,199,199,2026-06-22 07:35:08.374908,2,164.07,Customer 199,customer199@example.com,Germany,Speaker 199,Beauty,54.69,109.38,2026-06
200,200,200,200,2026-06-16 07:35:08.374942,1,350.08,Customer 200,customer200@example.com,India,Smartphone 200,Books,350.08,350.08,2026-06
201,201,201,201,2026-04-13 07:35:08.374978,2,572.02,Customer 201,customer201@example.com,Uk,Smartphone 201,Sports,286.01,572.02,2026-04
202,202,202,202,2026-03-27 07:35:08.375018,3,594.54,Customer 202,customer202@example.com,Canada,Mouse 202,Beauty,198.18,594.54,2026-03
203,203,203,203,2026-04-26 07:35:08.375054,4,878.32,Customer 203,customer203@example.com,France,Laptop 203,Beauty,439.16,1756.64,2026-04
204,204,204,204,2026-05-25 07:35:08.375089,4,806.58,Customer 204,customer204@example.com,Australia,Mouse 204,Electronics,268.86,1075.44,2026-05
205,205,205,205,2026-01-09 07:35:08.375125,5,86.18,Customer 205,customer205@example.com,Canada,Laptop 205,Sports,43.09,215.45000000000002,2026-01
206,206,206,206,2025-10-30 07:35:08.375160,3,323.7,Customer 206,customer206@example.com,Uk,Smartwatch 206,Electronics,161.85,485.54999999999995,2025-10
207,207,207,207,2026-07-03 07:35:08.375194,3,1389.21,Customer 207,customer207@example.com,Usa,Tablet 207,Electronics,463.07,1389.21,2026-07
208,208,208,208,2026-03-16 07:35:08.375229,1,476.98,Customer 208,customer208@example.com,Usa,Headphones 208,Books,476.98,476.98,2026-03
209,209,209,209,2026-05-07 07:35:08.375266,3,260.28,Customer 209,customer209@example.com,Canada,Printer 209,Books,260.28,780.8399999999999,2026-05
210,210,210,210,2026-05-01 07:35:08.375300,1,389.49,Customer 210,customer210@example.com,Usa,Laptop 210,Electronics,129.83,129.83,2026-05
211,211,211,211,2026-05-01 07:35:08.375335,2,870.15,Customer 211,customer211@example.com,India,Smartwatch 211,Electronics,290.05,580.1,2026-05
212,212,212,212,2026-02-26 07:35:08.375373,5,233.81,Customer 212,customer212@example.com,India,Smartphone 212,Sports,233.81,1169.05,2026-02
213,213,213,213,2025-09-09 07:35:08.375411,1,933.74,Customer 213,customer213@example.com,Germany,Headphones 213,Electronics,466.87,466.87,2025-09
214,214,214,214,2026-07-09 07:35:08.375452,2,1459.65,Customer 214,customer214@example.com,Japan,Printer 214,Electronics,486.55,973.1,2026-07
215,215,215,215,2026-04-01 07:35:08.375493,3,600.06,Customer 215,customer215@example.com,Uk,Speaker 215,Electronics,300.03,900.0899999999999,2026-04
216,216,216,216,2026-06-06 07:35:08.375528,2,472.34,Customer 216,customer216@example.com,France,Tablet 216,Electronics,472.34,944.68,2026-06
217,217,217,217,2026-05-12 07:35:08.375565,3,483.21,Customer 217,customer217@example.com,India,Tablet 217,Books,161.07,483.21,2026-05
218,218,218,218,2025-08-19 07:35:08.375600,3,263.26,Customer 218,customer218@example.com,Uk,Smartphone 218,Beauty,131.63,394.89,2025-08
219,219,219,219,2026-04-09 07:35:08.375635,2,59.93,Customer 219,customer219@example.com,Germany,Smartphone 219,Books,59.93,119.86,2026-04
220,220,220,220,2026-05-27 07:35:08.375669,1,997.22,Customer 220,customer220@example.com,France,Smartphone 220,Electronics,498.61,498.61,2026-05
221,221,221,221,2026-04-27 07:35:08.375703,3,48.9,Customer 221,customer221@example.com,Japan,Speaker 221,Books,24.45,73.35,2026-04
222,222,222,222,2026-01-16 07:35:08.375737,2,885.12,Customer 222,customer222@example.com,France,Printer 222,Books,442.56,885.12,2026-01
223,223,223,223,2025-11-16 07:35:08.375771,3,371.92,Customer 223,customer223@example.com,Usa,Speaker 223,Beauty,185.96,557.88,2025-11
224,224,224,224,2026-03-27 07:35:08.375805,2,538.84,Customer 224,customer224@example.com,France,Laptop 224,Books,269.42,538.84,2026-03
225,225,225,225,2026-01-29 07:35:08.375843,5,125.91,Customer 225,customer225@example.com,India,Headphones 225,Home,125.91,629.55,2026-01
226,226,226,226,2025-09-26 07:35:08.375877,2,96.02,Customer 226,customer226@example.com,Australia,Keyboard 226,Fashion,96.02,192.04,2025-09
227,227,227,227,2025-10-04 07:35:08.375914,2,96.96,Customer 227,customer227@example.com,Uk,Camera 227,Beauty,96.96,193.92,2025-10
228,228,228,228,2025-12-20 07:35:08.375949,4,524.73,Customer 228,customer228@example.com,Japan,Mouse 228,Electronics,174.91,699.64,2025-12
229,229,229,229,2025-08-13 07:35:08.375985,3,298.59,Customer 229,customer229@example.com,India,Tablet 229,Beauty,298.59,895.77,2025-08
230,230,230,230,2025-11-19 07:35:08.376021,2,331.86,Customer 230,customer230@example.com,Usa,Headphones 230,Sports,165.93,331.86,2025-11
231,231,231,231,2026-02-02 07:35:08.376056,3,15.58,Customer 231,customer231@example.com,Canada,Camera 231,Books,15.58,46.74,2026-02
232,232,232,232,2025-11-28 07:35:08.376091,5,1326.21,Customer 232,customer232@example.com,Uk,Speaker 232,Books,442.07,2210.35,2025-11
233,233,233,233,2026-01-20 07:35:08.376126,2,413.85,Customer 233,customer233@example.com,France,Laptop 233,Fashion,137.95,275.9,2026-01
234,234,234,234,2026-05-12 07:35:08.376167,1,471.8,Customer 234,customer234@example.com,Australia,Laptop 234,Books,471.8,471.8,2026-05
235,235,235,235,2025-11-22 07:35:08.376202,2,126.4,Customer 235,customer235@example.com,France,Smartwatch 235,Fashion,126.4,252.8,2025-11
236,236,236,236,2025-12-01 07:35:08.376238,1,45.22,Customer 236,customer236@example.com,Australia,Tablet 236,Electronics,22.61,22.61,2025-12
237,237,237,237,2026-03-19 07:35:08.376272,4,887.78,Customer 237,customer237@example.com,Japan,Headphones 237,Fashion,443.89,1775.56,2026-03
238,238,238,238,2026-04-06 07:35:08.376307,5,178.46,Customer 238,customer238@example.com,Canada,Smartphone 238,Beauty,178.46,892.3000000000001,2026-04
239,239,239,239,2025-10-12 07:35:08.376343,5,48.69,Customer 239,customer239@example.com,Germany,Printer 239,Fashion,48.69,243.45,2025-10
240,240,240,240,2026-05-17 07:35:08.376378,5,96.8,Customer 240,customer240@example.com,Uk,Laptop 240,Books,48.4,242.0,2026-05
241,241,241,241,2025-10-04 07:35:08.376481,5,469.0,Customer 241,customer241@example.com,India,Smartwatch 241,Sports,234.5,1172.5,2025-10
242,242,242,242,2026-01-02 07:35:08.376516,3,783.96,Customer 242,customer242@example.com,Canada,Smartphone 242,Sports,391.98,1175.94,2026-01
243,243,243,243,2025-08-12 07:35:08.376553,2,312.94,Customer 243,customer243@example.com,France,Speaker 243,Home,312.94,625.88,2025-08
244,244,244,244,2026-05-24 07:35:08.376587,3,1291.62,Customer 244,customer244@example.com,France,Smartwatch 244,Books,430.54,1291.6200000000001,2026-05
245,245,245,245,2026-01-21 07:35:08.376622,1,340.74,Customer 245,customer245@example.com,Canada,Tablet 245,Books,113.58,113.58,2026-01
246,246,246,246,2026-07-15 07:35:08.376658,4,438.84,Customer 246,customer246@example.com,Usa,Headphones 246,Home,438.84,1755.36,2026-07
247,247,247,247,2026-05-02 07:35:08.376692,4,74.94,Customer 247,customer247@example.com,Japan,Smartphone 247,Beauty,24.98,99.92,2026-05
248,248,248,248,2026-04-09 07:35:08.376729,2,598.26,Customer 248,customer248@example.com,Canada,Smartwatch 248,Electronics,199.42,398.84,2026-04
249,249,249,249,2026-02-25 07:35:08.376764,3,654.42,Customer 249,customer249@example.com,Usa,Printer 249,Home,327.21,981.6299999999999,2026-02
250,250,250,250,2025-09-23 07:35:08.376798,3,27.2,Customer 250,customer250@example.com,Japan,Mouse 250,Electronics,13.6,40.8,2025-09
251,251,251,251,2026-03-30 07:35:08.376835,1,994.5,Customer 251,customer251@example.com,India,Smartwatch 251,Fashion,331.5,331.5,2026-03
252,252,252,252,2025-10-06 07:35:08.376871,5,454.39,Customer 252,customer252@example.com,Australia,Smartwatch 252,Fashion,454.39,2271.95,2025-10
253,253,253,253,2026-05-27 07:35:08.376907,3,1272.78,Customer 253,customer253@example.com,India,Keyboard 253,Fashion,424.26,1272.78,2026-05
254,254,254,254,2026-01-22 07:35:08.376942,3,1311.0,Customer 254,customer254@example.com,India,Tablet 254,Beauty,437.0,1311.0,2026-01
255,255,255,255,2026-07-04 07:35:08.376976,2,255.23,Customer 255,customer255@example.com,Canada,Printer 255,Home,255.23,510.46,2026-07
256,256,256,256,2026-05-02 07:35:08.377011,3,295.11,Customer 256,customer256@example.com,Uk,Camera 256,Beauty,98.37,295.11,2026-05
257,257,257,257,2025-12-24 07:35:08.377048,4,146.82,Customer 257,customer257@example.com,Uk,Printer 257,Electronics,73.41,293.64,2025-12
258,258,258,258,2026-04-07 07:35:08.377085,3,37.56,Customer 258,customer258@example.com,India,Keyboard 258,Home,18.78,56.34,2026-04
259,259,259,259,2025-11-05 07:35:08.377123,3,949.5,Customer 259,customer259@example.com,Canada,Laptop 259,Fashion,474.75,1424.25,2025-11
260,260,260,260,2025-10-03 07:35:08.377175,5,121.92,Customer 260,customer260@example.com,Uk,Speaker 260,Electronics,121.92,609.6,2025-10
261,261,261,261,2026-07-21 07:35:08.377210,1,101.43,Customer 261,customer261@example.com,France,Keyboard 261,Sports,33.81,33.81,2026-07
262,262,262,262,2026-06-10 07:35:08.377246,5,701.28,Customer 262,customer262@example.com,Australia,Headphones 262,Home,350.64,1753.1999999999998,2026-06
263,263,263,263,2026-03-19 07:35:08.377281,5,394.53,Customer 263,customer263@example.com,Canada,Smartwatch 263,Electronics,394.53,1972.6499999999999,2026-03
264,264,264,264,2025-10-11 07:35:08.377317,4,124.91,Customer 264,customer264@example.com,Germany,Printer 264,Fashion,124.91,499.64,2025-10
265,265,265,265,2026-07-11 07:35:08.377354,3,278.84,Customer 265,customer265@example.com,Germany,Printer 265,Fashion,139.42,418.26,2026-07
266,266,266,266,2025-09-16 07:35:08.377389,3,981.39,Customer 266,customer266@example.com,Usa,Headphones 266,Beauty,327.13,981.39,2025-09
267,267,267,267,2026-05-07 07:35:08.377423,1,348.05,Customer 267,customer267@example.com,Australia,Smartwatch 267,Books,348.05,348.05,2026-05
268,268,268,268,2026-07-17 07:35:08.377457,2,449.4,Customer 268,customer268@example.com,Australia,Mouse 268,Beauty,224.7,449.4,2026-07
269,269,269,269,2026-02-08 07:35:08.377492,5,1306.44,Customer 269,customer269@example.com,India,Laptop 269,Beauty,435.48,2177.4,2026-02
270,270,270,270,2025-09-21 07:35:08.377529,1,341.38,Customer 270,customer270@example.com,Australia,Camera 270,Beauty,341.38,341.38,2025-09
271,271,271,271,2025-10-23 07:35:08.377563,4,256.08,Customer 271,customer271@example.com,Canada,Printer 271,Fashion,128.04,512.16,2025-10
272,272,272,272,2026-06-09 07:35:08.377599,4,329.74,Customer 272,customer272@example.com,Canada,Printer 272,Books,164.87,659.48,2026-06
273,273,273,273,2026-07-04 07:35:08.377636,2,222.72,Customer 273,customer273@example.com,France,Keyboard 273,Sports,111.36,222.72,2026-07
274,274,274,274,2025-09-10 07:35:08.377670,3,173.22,Customer 274,customer274@example.com,India,Printer 274,Electronics,57.74,173.22,2025-09
275,275,275,275,2026-04-22 07:35:08.377705,2,373.83,Customer 275,customer275@example.com,Australia,Headphones 275,Beauty,373.83,747.66,2026-04
276,276,276,276,2025-12-09 07:35:08.377741,5,1261.08,Customer 276,customer276@example.com,Japan,Laptop 276,Beauty,420.36,2101.8,2025-12
277,277,277,277,2026-05-27 07:35:08.377777,1,925.88,Customer 277,customer277@example.com,Japan,Mouse 277,Books,462.94,462.94,2026-05
278,278,278,278,2026-03-03 07:35:08.377811,4,383.56,Customer 278,customer278@example.com,Japan,Mouse 278,Beauty,383.56,1534.24,2026-03
279,279,279,279,2026-03-05 07:35:08.377846,3,1076.46,Customer 279,customer279@example.com,France,Keyboard 279,Fashion,358.82,1076.46,2026-03
280,280,280,280,2026-03-07 07:35:08.377883,4,245.38,Customer 280,customer280@example.com,Canada,Camera 280,Sports,245.38,981.52,2026-03
281,281,281,281,2026-03-25 07:35:08.377918,2,377.59,Customer 281,customer281@example.com,Usa,Tablet 281,Fashion,377.59,755.18,2026-03
282,282,282,282,2026-01-13 07:35:08.377954,2,1117.05,Customer 282,customer282@example.com,Canada,Mouse 282,Beauty,372.35,744.7,2026-01
283,283,283,283,2026-04-19 07:35:08.377988,5,326.4,Customer 283,customer283@example.com,Japan,Speaker 283,Beauty,163.2,816.0,2026-04
284,284,284,284,2025-11-10 07:35:08.378023,1,193.88,Customer 284,customer284@example.com,Germany,Smartwatch 284,Books,96.94,96.94,2025-11
285,285,285,285,2025-09-29 07:35:08.378057,1,715.5,Customer 285,customer285@example.com,France,Laptop 285,Fashion,238.5,238.5,2025-09
286,286,286,286,2025-12-31 07:35:08.378094,5,1436.76,Customer 286,customer286@example.com,India,Keyboard 286,Home,478.92,2394.6,2025-12
287,287,287,287,2026-07-27 07:35:08.378128,1,461.55,Customer 287,customer287@example.com,India,Camera 287,Fashion,153.85,153.85,2026-07
288,288,288,288,2026-01-15 07:35:08.378164,3,1331.91,Customer 288,customer288@example.com,Germany,Laptop 288,Beauty,443.97,1331.91,2026-01
289,289,289,289,2026-06-12 07:35:08.378270,2,465.75,Customer 289,customer289@example.com,Australia,Printer 289,Electronics,155.25,310.5,2026-06
290,290,290,290,2025-08-14 07:35:08.378306,2,110.73,Customer 290,customer290@example.com,Germany,Speaker 290,Electronics,110.73,221.46,2025-08
291,291,291,291,2026-01-14 07:35:08.378341,4,875.19,Customer 291,customer291@example.com,France,Keyboard 291,Electronics,291.73,1166.92,2026-01
292,292,292,292,2026-01-29 07:35:08.378375,5,380.42,Customer 292,customer292@example.com,Usa,Mouse 292,Electronics,380.42,1902.1000000000001,2026-01
293,293,293,293,2026-01-12 07:35:08.378412,5,50.2,Customer 293,customer293@example.com,Japan,Speaker 293,Beauty,25.1,125.5,2026-01
294,294,294,294,2025-10-11 07:35:08.378447,5,877.28,Customer 294,customer294@example.com,India,Laptop 294,Sports,438.64,2193.2,2025-10
295,295,295,295,2025-09-19 07:35:08.378481,3,453.76,Customer 295,customer295@example.com,India,Tablet 295,Books,453.76,1361.28,2025-09
296,296,296,296,2025-10-07 07:35:08.378516,4,304.84,Customer 296,customer296@example.com,Australia,Keyboard 296,Electronics,152.42,609.68,2025-10
297,297,297,297,2025-08-10 07:35:08.378550,5,248.07,Customer 297,customer297@example.com,Canada,Tablet 297,Fashion,248.07,1240.35,2025-08
298,298,298,298,2026-05-24 07:35:08.378584,3,789.94,Customer 298,customer298@example.com,Usa,Camera 298,Home,394.97,1184.91,2026-05
299,299,299,299,2026-03-19 07:35:08.378619,1,1267.44,Customer 299,customer299@example.com,Uk,Mouse 299,Electronics,422.48,422.48,2026-03
300,300,300,300,2025-12-02 07:35:08.378655,2,908.18,Customer 300,customer300@example.com,Japan,Mouse 300,Home,454.09,908.18,2025-12
301,301,301,301,2026-03-31 07:35:08.378691,5,163.11,Customer 301,customer301@example.com,Australia,Keyboard 301,Sports,54.37,271.84999999999997,2026-03
302,302,302,302,2026-01-23 07:35:08.378726,2,29.81,Customer 302,customer302@example.com,Uk,Printer 302,Fashion,29.81,59.62,2026-01
303,303,303,303,2025-10-08 07:35:08.378760,5,506.37,Customer 303,customer303@example.com,Usa,Laptop 303,Beauty,168.79,843.9499999999999,2025-10
304,304,304,304,2026-02-05 07:35:08.378797,4,388.8,Customer 304,customer304@example.com,Canada,Keyboard 304,Fashion,194.4,777.6,2026-02
305,305,305,305,2025-09-26 07:35:08.378831,1,442.8,Customer 305,customer305@example.com,Canada,Keyboard 305,Beauty,147.6,147.6,2025-09
306,306,306,306,2026-05-27 07:35:08.378865,5,898.47,Customer 306,customer306@example.com,Australia,Printer 306,Home,299.49,1497.45,2026-05
307,307,307,307,2025-09-28 07:35:08.378899,5,409.65,Customer 307,customer307@example.com,Uk,Laptop 307,Home,136.55,682.75,2025-09
308,308,308,308,2025-09-15 07:35:08.378934,5,833.76,Customer 308,customer308@example.com,Australia,Headphones 308,Home,416.88,2084.4,2025-09
309,309,309,309,2025-08-15 07:35:08.378973,4,63.2,Customer 309,customer309@example.com,Japan,Speaker 309,Home,63.2,252.8,2025-08
310,310,310,310,2025-09-26 07:35:08.379012,5,378.67,Customer 310,customer310@example.com,Usa,Keyboard 310,Sports,378.67,1893.3500000000001,2025-09
311,311,311,311,2025-08-09 07:35:08.379047,5,396.88,Customer 311,customer311@example.com,Japan,Tablet 311,Books,396.88,1984.4,2025-08
312,312,312,312,2026-07-28 07:35:08.379113,5,630.72,Customer 312,customer312@example.com,France,Mouse 312,Sports,210.24,1051.2,2026-07
313,313,313,313,2026-03-20 07:35:08.379155,5,124.46,Customer 313,customer313@example.com,India,Speaker 313,Fashion,62.23,311.15,2026-03
314,314,314,314,2025-10-20 07:35:08.379194,4,788.12,Customer 314,customer314@example.com,Germany,Speaker 314,Sports,394.06,1576.24,2025-10
315,315,315,315,2026-01-07 07:35:08.379230,3,1181.16,Customer 315,customer315@example.com,Canada,Tablet 315,Books,393.72,1181.16,2026-01
316,316,316,316,2026-04-09 07:35:08.379267,3,463.67,Customer 316,customer316@example.com,Canada,Headphones 316,Books,463.67,1391.01,2026-04
317,317,317,317,2026-07-26 07:35:08.379303,2,1420.2,Customer 317,customer317@example.com,France,Mouse 317,Electronics,473.4,946.8,2026-07
318,318,318,318,2026-05-12 07:35:08.379337,1,680.54,Customer 318,customer318@example.com,Germany,Mouse 318,Home,340.27,340.27,2026-05
319,319,319,319,2026-04-07 07:35:08.379372,5,279.3,Customer 319,customer319@example.com,Usa,Smartphone 319,Electronics,279.3,1396.5,2026-04
320,320,320,320,2026-03-22 07:35:08.379407,5,769.65,Customer 320,customer320@example.com,Canada,Keyboard 320,Electronics,256.55,1282.75,2026-03
321,321,321,321,2026-06-27 07:35:08.379441,4,707.25,Customer 321,customer321@example.com,India,Printer 321,Beauty,235.75,943.0,2026-06
322,322,322,322,2026-06-23 07:35:08.379476,5,150.77,Customer 322,customer322@example.com,Usa,Smartwatch 322,Home,150.77,753.85,2026-06
323,323,323,323,2026-04-17 07:35:08.379510,2,371.19,Customer 323,customer323@example.com,Uk,Tablet 323,Books,371.19,742.38,2026-04
324,324,324,324,2025-09-17 07:35:08.379546,3,26.5,Customer 324,customer324@example.com,Canada,Printer 324,Sports,13.25,39.75,2025-09
325,325,325,325,2025-11-29 07:35:08.379582,5,377.58,Customer 325,customer325@example.com,France,Speaker 325,Home,377.58,1887.8999999999999,2025-11
326,326,326,326,2026-01-18 07:35:08.379616,5,164.67,Customer 326,customer326@example.com,Canada,Keyboard 326,Books,164.67,823.3499999999999,2026-01
327,327,327,327,2025-12-26 07:35:08.379652,2,959.36,Customer 327,customer327@example.com,Germany,Smartwatch 327,Books,479.68,959.36,2025-12
328,328,328,328,2025-10-20 07:35:08.379686,4,244.0,Customer 328,customer328@example.com,Uk,Mouse 328,Beauty,122.0,488.0,2025-10
329,329,329,329,2026-03-25 07:35:08.379721,5,1493.49,Customer 329,customer329@example.com,Japan,Printer 329,Home,497.83,2489.15,2026-03
330,330,330,330,2025-10-18 07:35:08.379755,5,114.38,Customer 330,customer330@example.com,France,Printer 330,Beauty,57.19,285.95,2025-10
331,331,331,331,2026-01-31 07:35:08.379789,3,985.29,Customer 331,customer331@example.com,Germany,Mouse 331,Sports,328.43,985.29,2026-01
332,332,332,332,2025-10-12 07:35:08.379824,4,323.88,Customer 332,customer332@example.com,Australia,Headphones 332,Home,323.88,1295.52,2025-10
333,333,333,333,2025-10-04 07:35:08.379858,5,651.76,Customer 333,customer333@example.com,France,Smartwatch 333,Sports,325.88,1629.4,2025-10
334,334,334,334,2025-10-24 07:35:08.379892,1,91.79,Customer 334,customer334@example.com,France,Smartphone 334,Home,91.79,91.79,2025-10
335,335,335,335,2026-05-25 07:35:08.379926,5,122.38,Customer 335,customer335@example.com,Canada,Speaker 335,Fashion,122.38,611.9,2026-05
336,336,336,336,2025-10-28 07:35:08.379968,2,1404.24,Customer 336,customer336@example.com,Australia,Printer 336,Sports,468.08,936.16,2025-10
337,337,337,337,2025-10-28 07:35:08.380073,2,323.37,Customer 337,customer337@example.com,Japan,Keyboard 337,Beauty,323.37,646.74,2025-10
338,338,338,338,2025-10-31 07:35:08.380109,1,1228.62,Customer 338,customer338@example.com,Usa,Laptop 338,Sports,409.54,409.54,2025-10
339,339,339,339,2026-01-10 07:35:08.380144,2,193.09,Customer 339,customer339@example.com,Germany,Laptop 339,Sports,193.09,386.18,2026-01
340,340,340,340,2025-11-01 07:35:08.380180,3,811.42,Customer 340,customer340@example.com,Germany,Keyboard 340,Sports,405.71,1217.1299999999999,2025-11
341,341,341,341,2026-05-15 07:35:08.380214,1,430.05,Customer 341,customer341@example.com,Australia,Mouse 341,Books,143.35,143.35,2026-05
342,342,342,342,2025-12-28 07:35:08.380248,3,108.4,Customer 342,customer342@example.com,Australia,Laptop 342,Home,54.2,162.60000000000002,2025-12
343,343,343,343,2026-01-17 07:35:08.380282,1,44.98,Customer 343,customer343@example.com,Usa,Smartwatch 343,Books,44.98,44.98,2026-01
344,344,344,344,2026-02-22 07:35:08.380317,3,387.79,Customer 344,customer344@example.com,Germany,Printer 344,Beauty,387.79,1163.3700000000001,2026-02
345,345,345,345,2025-09-10 07:35:08.380352,4,889.76,Customer 345,customer345@example.com,France,Tablet 345,Fashion,444.88,1779.52,2025-09
346,346,346,346,2026-01-22 07:35:08.380386,1,393.9,Customer 346,customer346@example.com,Usa,Laptop 346,Sports,393.9,393.9,2026-01
347,347,347,347,2026-02-19 07:35:08.380420,5,977.52,Customer 347,customer347@example.com,Usa,Laptop 347,Fashion,325.84,1629.1999999999998,2026-02
348,348,348,348,2025-08-09 07:35:08.380463,4,247.8,Customer 348,customer348@example.com,Uk,Smartwatch 348,Electronics,247.8,991.2,2025-08
349,349,349,349,2025-10-27 07:35:08.380501,3,177.14,Customer 349,customer349@example.com,France,Mouse 349,Sports,88.57,265.71,2025-10
350,350,350,350,2026-01-14 07:35:08.380538,2,501.42,Customer 350,customer350@example.com,India,Mouse 350,Home,167.14,334.28,2026-01
351,351,351,351,2026-05-01 07:35:08.380574,1,57.17,Customer 351,customer351@example.com,Japan,Camera 351,Electronics,57.17,57.17,2026-05
352,352,352,352,2025-09-24 07:35:08.380608,1,315.75,Customer 352,customer352@example.com,Japan,Printer 352,Sports,315.75,315.75,2025-09
353,353,353,353,2026-07-02 07:35:08.380644,5,939.48,Customer 353,customer353@example.com,India,Keyboard 353,Beauty,469.74,2348.7,2026-07
354,354,354,354,2025-08-29 07:35:08.380684,2,369.6,Customer 354,customer354@example.com,Canada,Smartphone 354,Beauty,123.2,246.4,2025-08
355,355,355,355,2026-04-30 07:35:08.380718,5,681.0,Customer 355,customer355@example.com,Canada,Mouse 355,Fashion,340.5,1702.5,2026-04
356,356,356,356,2025-09-10 07:35:08.380752,4,838.62,Customer 356,customer356@example.com,Australia,Camera 356,Fashion,279.54,1118.16,2025-09
357,357,357,357,2026-03-08 07:35:08.380788,5,229.27,Customer 357,customer357@example.com,France,Camera 357,Books,229.27,1146.3500000000001,2026-03
358,358,358,358,2025-10-20 07:35:08.380823,5,1164.15,Customer 358,customer358@example.com,Germany,Camera 358,Electronics,388.05,1940.25,2025-10
359,359,359,359,2025-10-12 07:35:08.380858,4,397.29,Customer 359,customer359@example.com,France,Camera 359,Sports,132.43,529.72,2025-10
360,360,360,360,2026-02-10 07:35:08.380893,3,314.38,Customer 360,customer360@example.com,Canada,Mouse 360,Beauty,157.19,471.57,2026-02
361,361,361,361,2026-05-16 07:35:08.380933,3,478.02,Customer 361,customer361@example.com,Usa,Speaker 361,Electronics,159.34,478.02,2026-05
362,362,362,362,2026-05-17 07:35:08.380967,2,514.64,Customer 362,customer362@example.com,Australia,Mouse 362,Sports,257.32,514.64,2026-05
363,363,363,363,2025-10-18 07:35:08.381003,2,511.78,Customer 363,customer363@example.com,France,Smartphone 363,Books,255.89,511.78,2025-10
364,364,364,364,2026-06-16 07:35:08.381038,1,421.41,Customer 364,customer364@example.com,Germany,Tablet 364,Electronics,140.47,140.47,2026-06
365,365,365,365,2026-07-09 07:35:08.381072,2,493.95,Customer 365,customer365@example.com,Usa,Smartwatch 365,Home,493.95,987.9,2026-07
366,366,366,366,2026-06-05 07:35:08.381106,3,928.2,Customer 366,customer366@example.com,Usa,Tablet 366,Sports,464.1,1392.3000000000002,2026-06
367,367,367,367,2025-08-10 07:35:08.381141,1,755.34,Customer 367,customer367@example.com,Germany,Keyboard 367,Sports,377.67,377.67,2025-08
368,368,368,368,2026-03-15 07:35:08.381175,3,36.01,Customer 368,customer368@example.com,Germany,Mouse 368,Fashion,36.01,108.03,2026-03
369,369,369,369,2025-12-09 07:35:08.381209,5,1304.16,Customer 369,customer369@example.com,Canada,Camera 369,Books,434.72,2173.6000000000004,2025-12
370,370,370,370,2026-04-02 07:35:08.381244,5,359.84,Customer 370,customer370@example.com,Japan,Headphones 370,Electronics,179.92,899.5999999999999,2026-04
371,371,371,371,2025-11-07 07:35:08.381279,5,1348.86,Customer 371,customer371@example.com,Germany,Headphones 371,Fashion,449.62,2248.1,2025-11
372,372,372,372,2025-10-07 07:35:08.381315,5,690.27,Customer 372,customer372@example.com,France,Mouse 372,Fashion,230.09,1150.45,2025-10
373,373,373,373,2025-11-01 07:35:08.381354,1,331.55,Customer 373,customer373@example.com,Uk,Speaker 373,Home,331.55,331.55,2025-11
374,374,374,374,2026-06-07 07:35:08.381389,2,375.35,Customer 374,customer374@example.com,Japan,Smartwatch 374,Books,375.35,750.7,2026-06
375,375,375,375,2025-11-29 07:35:08.381423,2,369.45,Customer 375,customer375@example.com,Germany,Mouse 375,Home,123.15,246.3,2025-11
376,376,376,376,2026-03-15 07:35:08.381457,4,90.26,Customer 376,customer376@example.com,Australia,Printer 376,Home,90.26,361.04,2026-03
377,377,377,377,2025-09-23 07:35:08.381491,4,1334.76,Customer 377,customer377@example.com,Australia,Camera 377,Books,444.92,1779.68,2025-09
378,378,378,378,2025-11-08 07:35:08.381526,5,462.58,Customer 378,customer378@example.com,Usa,Keyboard 378,Electronics,231.29,1156.45,2025-11
379,379,379,379,2025-12-07 07:35:08.381559,2,450.76,Customer 379,customer379@example.com,Usa,Tablet 379,Fashion,225.38,450.76,2025-12
380,380,380,380,2025-08-09 07:35:08.381592,5,364.1,Customer 380,customer380@example.com,Australia,Printer 380,Electronics,364.1,1820.5,2025-08
381,381,381,381,2026-06-15 07:35:08.381625,1,397.62,Customer 381,customer381@example.com,Germany,Printer 381,Electronics,132.54,132.54,2026-06
382,382,382,382,2025-08-28 07:35:08.381660,2,196.5,Customer 382,customer382@example.com,Uk,Speaker 382,Sports,196.5,393.0,2025-08
383,383,383,383,2025-09-16 07:35:08.381694,3,98.54,Customer 383,customer383@example.com,Australia,Smartwatch 383,Beauty,98.54,295.62,2025-09
384,384,384,384,2026-06-21 07:35:08.381795,5,895.62,Customer 384,customer384@example.com,Australia,Tablet 384,Home,298.54,1492.7,2026-06
385,385,385,385,2025-08-24 07:35:08.381832,5,247.95,Customer 385,customer385@example.com,Germany,Laptop 385,Home,82.65,413.25,2025-08
386,386,386,386,2025-10-08 07:35:08.381866,3,333.85,Customer 386,customer386@example.com,Uk,Smartwatch 386,Sports,333.85,1001.5500000000001,2025-10
387,387,387,387,2026-02-13 07:35:08.381899,5,306.98,Customer 387,customer387@example.com,Japan,Keyboard 387,Electronics,153.49,767.45,2026-02
388,388,388,388,2026-03-21 07:35:08.381933,5,1042.32,Customer 388,customer388@example.com,Canada,Printer 388,Beauty,347.44,1737.2,2026-03
389,389,389,389,2026-07-31 07:35:08.381967,1,443.0,Customer 389,customer389@example.com,Australia,Printer 389,Home,443.0,443.0,2026-07
390,390,390,390,2025-08-12 07:35:08.382003,3,569.2,Customer 390,customer390@example.com,Usa,Camera 390,Fashion,284.6,853.8000000000001,2025-08
391,391,391,391,2026-02-12 07:35:08.382037,3,612.18,Customer 391,customer391@example.com,Canada,Camera 391,Fashion,204.06,612.1800000000001,2026-02
392,392,392,392,2025-11-07 07:35:08.382108,3,709.83,Customer 392,customer392@example.com,Australia,Keyboard 392,Fashion,236.61,709.83,2025-11
393,393,393,393,2026-01-20 07:35:08.382154,5,485.11,Customer 393,customer393@example.com,India,Camera 393,Electronics,485.11,2425.55,2026-01
394,394,394,394,2025-12-12 07:35:08.382192,3,212.8,Customer 394,customer394@example.com,India,Laptop 394,Fashion,212.8,638.4000000000001,2025-12
395,395,395,395,2026-04-25 07:35:08.382232,3,515.88,Customer 395,customer395@example.com,Germany,Smartphone 395,Books,257.94,773.8199999999999,2026-04
396,396,396,396,2026-06-02 07:35:08.382267,1,55.82,Customer 396,customer396@example.com,Uk,Tablet 396,Beauty,27.91,27.91,2026-06
397,397,397,397,2025-09-07 07:35:08.382305,2,750.64,Customer 397,customer397@example.com,Canada,Keyboard 397,Beauty,375.32,750.64,2025-09
398,398,398,398,2025-10-18 07:35:08.382340,5,87.17,Customer 398,customer398@example.com,Canada,Smartwatch 398,Home,87.17,435.85,2025-10
399,399,399,399,2025-10-28 07:35:08.382378,4,93.92,Customer 399,customer399@example.com,France,Mouse 399,Home,93.92,375.68,2025-10
400,400,400,400,2026-02-11 07:35:08.382413,2,606.12,Customer 400,customer400@example.com,Usa,Smartphone 400,Books,202.04,404.08,2026-02
401,401,401,401,2026-05-19 07:35:08.382452,5,324.18,Customer 401,customer401@example.com,Australia,Smartphone 401,Books,162.09,810.45,2026-05
402,402,402,402,2025-12-07 07:35:08.382488,2,49.66,Customer 402,customer402@example.com,India,Printer 402,Books,24.83,49.66,2025-12
403,403,403,403,2025-10-02 07:35:08.382522,4,328.23,Customer 403,customer403@example.com,Canada,Camera 403,Sports,328.23,1312.92,2025-10
404,404,404,404,2025-10-14 07:35:08.382555,3,1226.46,Customer 404,customer404@example.com,Canada,Camera 404,Home,408.82,1226.46,2025-10
405,405,405,405,2026-05-02 07:35:08.382588,3,604.16,Customer 405,customer405@example.com,Australia,Smartphone 405,Sports,302.08,906.24,2026-05
406,406,406,406,2025-10-07 07:35:08.382624,1,333.48,Customer 406,customer406@example.com,India,Printer 406,Beauty,333.48,333.48,2025-10
407,407,407,407,2026-02-26 07:35:08.382659,4,1031.82,Customer 407,customer407@example.com,Australia,Tablet 407,Home,343.94,1375.76,2026-02
408,408,408,408,2026-01-29 07:35:08.382693,1,81.16,Customer 408,customer408@example.com,Japan,Headphones 408,Fashion,40.58,40.58,2026-01
409,409,409,409,2026-05-21 07:35:08.382731,2,590.91,Customer 409,customer409@example.com,India,Speaker 409,Books,196.97,393.94,2026-05
410,410,410,410,2025-08-29 07:35:08.382764,4,45.16,Customer 410,customer410@example.com,Uk,Headphones 410,Electronics,45.16,180.64,2025-08
411,411,411,411,2026-01-16 07:35:08.382799,3,232.65,Customer 411,customer411@example.com,Japan,Mouse 411,Home,232.65,697.95,2026-01
412,412,412,412,2025-10-14 07:35:08.382833,4,633.93,Customer 412,customer412@example.com,Germany,Keyboard 412,Fashion,211.31,845.24,2025-10
413,413,413,413,2026-06-16 07:35:08.382869,2,475.64,Customer 413,customer413@example.com,Uk,Keyboard 413,Fashion,237.82,475.64,2026-06
414,414,414,414,2025-12-03 07:35:08.382905,5,1358.28,Customer 414,customer414@example.com,France,Mouse 414,Electronics,452.76,2263.8,2025-12
415,415,415,415,2026-07-05 07:35:08.382939,3,120.27,Customer 415,customer415@example.com,France,Mouse 415,Fashion,40.09,120.27000000000001,2026-07
416,416,416,416,2026-07-24 07:35:08.382974,1,224.82,Customer 416,customer416@example.com,Canada,Smartwatch 416,Fashion,74.94,74.94,2026-07
417,417,417,417,2026-05-18 07:35:08.383009,5,98.6,Customer 417,customer417@example.com,France,Tablet 417,Books,98.6,493.0,2026-05
418,418,418,418,2026-06-02 07:35:08.383045,1,369.84,Customer 418,customer418@example.com,Uk,Tablet 418,Sports,369.84,369.84,2026-06
419,419,419,419,2025-12-21 07:35:08.383078,1,711.5,Customer 419,customer419@example.com,Germany,Speaker 419,Beauty,355.75,355.75,2025-12
420,420,420,420,2026-03-14 07:35:08.383113,3,644.68,Customer 420,customer420@example.com,Usa,Smartphone 420,Sports,322.34,967.02,2026-03
421,421,421,421,2025-08-21 07:35:08.383150,1,264.78,Customer 421,customer421@example.com,Germany,Mouse 421,Home,264.78,264.78,2025-08
422,422,422,422,2026-06-14 07:35:08.383185,1,446.46,Customer 422,customer422@example.com,India,Tablet 422,Beauty,148.82,148.82,2026-06
423,423,423,423,2026-04-28 07:35:08.383219,3,388.44,Customer 423,customer423@example.com,Canada,Mouse 423,Home,194.22,582.66,2026-04
424,424,424,424,2026-01-17 07:35:08.383254,4,178.72,Customer 424,customer424@example.com,Japan,Camera 424,Fashion,89.36,357.44,2026-01
425,425,425,425,2025-12-23 07:35:08.383288,2,292.32,Customer 425,customer425@example.com,Germany,Mouse 425,Books,97.44,194.88,2025-12
426,426,426,426,2026-05-16 07:35:08.383321,1,366.5,Customer 426,customer426@example.com,Canada,Smartphone 426,Sports,366.5,366.5,2026-05
427,427,427,427,2026-06-26 07:35:08.383356,5,470.56,Customer 427,customer427@example.com,Usa,Keyboard 427,Beauty,470.56,2352.8,2026-06
428,428,428,428,2026-06-15 07:35:08.383390,3,475.17,Customer 428,customer428@example.com,India,Camera 428,Beauty,158.39,475.16999999999996,2026-06
429,429,429,429,2025-08-13 07:35:08.383427,3,207.18,Customer 429,customer429@example.com,Usa,Speaker 429,Beauty,103.59,310.77,2025-08
430,430,430,430,2026-07-23 07:35:08.383461,1,81.74,Customer 430,customer430@example.com,Germany,Printer 430,Books,40.87,40.87,2026-07
431,431,431,431,2026-05-20 07:35:08.383494,4,1119.36,Customer 431,customer431@example.com,Australia,Keyboard 431,Home,373.12,1492.48,2026-05
432,432,432,432,2025-12-10 07:35:08.383596,5,320.0,Customer 432,customer432@example.com,Uk,Laptop 432,Home,320.0,1600.0,2025-12
433,433,433,433,2025-10-10 07:35:08.383632,5,218.84,Customer 433,customer433@example.com,Germany,Smartphone 433,Home,218.84,1094.2,2025-10
434,434,434,434,2026-05-08 07:35:08.383667,4,381.2,Customer 434,customer434@example.com,Canada,Smartwatch 434,Home,381.2,1524.8,2026-05
435,435,435,435,2026-06-16 07:35:08.383700,5,882.04,Customer 435,customer435@example.com,Japan,Headphones 435,Electronics,441.02,2205.1,2026-06
436,436,436,436,2025-09-29 07:35:08.383734,2,635.7,Customer 436,customer436@example.com,France,Keyboard 436,Books,211.9,423.8,2025-09
437,437,437,437,2026-06-13 07:35:08.383767,5,566.56,Customer 437,customer437@example.com,India,Speaker 437,Electronics,283.28,1416.3999999999999,2026-06
438,438,438,438,2025-11-19 07:35:08.383800,2,104.92,Customer 438,customer438@example.com,Germany,Smartwatch 438,Electronics,104.92,209.84,2025-11
439,439,439,439,2026-07-05 07:35:08.383833,5,312.24,Customer 439,customer439@example.com,Japan,Smartwatch 439,Fashion,312.24,1561.2,2026-07
440,440,440,440,2026-04-05 07:35:08.383868,1,339.46,Customer 440,customer440@example.com,Australia,Mouse 440,Sports,169.73,169.73,2026-04
441,441,441,441,2026-05-18 07:35:08.383903,2,722.37,Customer 441,customer441@example.com,Japan,Tablet 441,Electronics,240.79,481.58,2026-05
442,442,442,442,2026-07-01 07:35:08.383937,3,109.08,Customer 442,customer442@example.com,Germany,Camera 442,Fashion,109.08,327.24,2026-07
443,443,443,443,2026-04-05 07:35:08.383970,1,173.66,Customer 443,customer443@example.com,Germany,Smartwatch 443,Sports,86.83,86.83,2026-04
444,444,444,444,2025-10-08 07:35:08.384003,2,659.31,Customer 444,customer444@example.com,France,Laptop 444,Beauty,219.77,439.54,2025-10
445,445,445,445,2026-06-11 07:35:08.384038,4,437.18,Customer 445,customer445@example.com,Australia,Keyboard 445,Electronics,218.59,874.36,2026-06
446,446,446,446,2026-02-25 07:35:08.384073,2,464.82,Customer 446,customer446@example.com,Germany,Headphones 446,Fashion,154.94,309.88,2026-02
447,447,447,447,2025-09-10 07:35:08.384107,1,1191.09,Customer 447,customer447@example.com,Uk,Speaker 447,Home,397.03,397.03,2025-09
448,448,448,448,2025-09-17 07:35:08.384140,3,1420.77,Customer 448,customer448@example.com,Japan,Smartwatch 448,Beauty,473.59,1420.77,2025-09
449,449,449,449,2025-10-18 07:35:08.384173,1,940.14,Customer 449,customer449@example.com,Japan,Camera 449,Books,313.38,313.38,2025-10
450,450,450,450,2025-11-16 07:35:08.384209,4,225.6,Customer 450,customer450@example.com,Australia,Mouse 450,Beauty,112.8,451.2,2025-11
451,451,451,451,2025-08-21 07:35:08.384243,1,270.63,Customer 451,customer451@example.com,Canada,Printer 451,Beauty,270.63,270.63,2025-08
452,452,452,452,2025-11-07 07:35:08.384278,1,290.42,Customer 452,customer452@example.com,Canada,Smartphone 452,Home,145.21,145.21,2025-11
453,453,453,453,2025-09-04 07:35:08.384311,3,81.7,Customer 453,customer453@example.com,Usa,Smartwatch 453,Home,40.85,122.55000000000001,2025-09
454,454,454,454,2026-04-06 07:35:08.384344,4,575.9,Customer 454,customer454@example.com,Australia,Printer 454,Fashion,287.95,1151.8,2026-04
455,455,455,455,2025-08-24 07:35:08.384382,2,99.32,Customer 455,customer455@example.com,Uk,Keyboard 455,Fashion,99.32,198.64,2025-08
456,456,456,456,2026-05-17 07:35:08.384416,3,221.06,Customer 456,customer456@example.com,France,Camera 456,Home,110.53,331.59000000000003,2026-05
457,457,457,457,2025-10-25 07:35:08.384453,5,948.84,Customer 457,customer457@example.com,Japan,Printer 457,Home,474.42,2372.1,2025-10
458,458,458,458,2025-11-28 07:35:08.384491,1,454.37,Customer 458,customer458@example.com,Uk,Mouse 458,Beauty,454.37,454.37,2025-11
459,459,459,459,2025-10-06 07:35:08.384524,5,55.32,Customer 459,customer459@example.com,Germany,Printer 459,Fashion,55.32,276.6,2025-10
460,460,460,460,2026-07-03 07:35:08.384557,3,210.56,Customer 460,customer460@example.com,Canada,Keyboard 460,Books,105.28,315.84000000000003,2026-07
461,461,461,461,2025-12-31 07:35:08.384591,4,977.98,Customer 461,customer461@example.com,India,Camera 461,Fashion,488.99,1955.96,2025-12
462,462,462,462,2026-01-20 07:35:08.384625,1,158.58,Customer 462,customer462@example.com,Canada,Headphones 462,Home,158.58,158.58,2026-01
463,463,463,463,2026-02-27 07:35:08.384660,5,835.64,Customer 463,customer463@example.com,Uk,Tablet 463,Home,417.82,2089.1,2026-02
464,464,464,464,2026-03-06 07:35:08.384694,4,478.45,Customer 464,customer464@example.com,Uk,Smartwatch 464,Fashion,478.45,1913.8,2026-03
465,465,465,465,2025-09-13 07:35:08.384729,4,561.78,Customer 465,customer465@example.com,Canada,Mouse 465,Beauty,187.26,749.04,2025-09
466,466,466,466,2026-01-30 07:35:08.384762,2,81.61,Customer 466,customer466@example.com,Uk,Mouse 466,Electronics,81.61,163.22,2026-01
467,467,467,467,2026-04-29 07:35:08.384795,1,808.53,Customer 467,customer467@example.com,Usa,Smartwatch 467,Fashion,269.51,269.51,2026-04
468,468,468,468,2026-02-01 07:35:08.384830,2,352.0,Customer 468,customer468@example.com,France,Smartwatch 468,Beauty,352.0,704.0,2026-02
469,469,469,469,2025-09-20 07:35:08.384865,5,350.28,Customer 469,customer469@example.com,India,Headphones 469,Electronics,116.76,583.8000000000001,2025-09
470,470,470,470,2025-12-17 07:35:08.384900,5,734.88,Customer 470,customer470@example.com,Canada,Headphones 470,Electronics,244.96,1224.8,2025-12
471,471,471,471,2026-05-26 07:35:08.384934,1,159.52,Customer 471,customer471@example.com,Germany,Headphones 471,Beauty,79.76,79.76,2026-05
472,472,472,472,2026-07-09 07:35:08.384967,1,52.14,Customer 472,customer472@example.com,Usa,Tablet 472,Electronics,26.07,26.07,2026-07
473,473,473,473,2026-03-11 07:35:08.385000,5,364.5,Customer 473,customer473@example.com,Germany,Headphones 473,Beauty,182.25,911.25,2026-03
474,474,474,474,2026-05-05 07:35:08.385035,5,383.99,Customer 474,customer474@example.com,Canada,Smartphone 474,Sports,383.99,1919.95,2026-05
475,475,475,475,2026-01-18 07:35:08.385068,4,225.44,Customer 475,customer475@example.com,India,Mouse 475,Home,225.44,901.76,2026-01
476,476,476,476,2026-03-06 07:35:08.385101,5,794.01,Customer 476,customer476@example.com,Canada,Printer 476,Electronics,264.67,1323.3500000000001,2026-03
477,477,477,477,2026-03-05 07:35:08.385134,4,162.88,Customer 477,customer477@example.com,Australia,Mouse 477,Beauty,162.88,651.52,2026-03
478,478,478,478,2026-01-07 07:35:08.385167,5,224.65,Customer 478,customer478@example.com,Australia,Smartphone 478,Books,224.65,1123.25,2026-01
479,479,479,479,2025-10-07 07:35:08.385200,5,140.3,Customer 479,customer479@example.com,Germany,Mouse 479,Books,70.15,350.75,2025-10
480,480,480,480,2025-11-23 07:35:08.385298,4,82.21,Customer 480,customer480@example.com,Australia,Keyboard 480,Fashion,82.21,328.84,2025-11
481,481,481,481,2025-09-15 07:35:08.385332,1,197.49,Customer 481,customer481@example.com,Australia,Laptop 481,Home,197.49,197.49,2025-09
482,482,482,482,2025-10-25 07:35:08.385367,1,138.22,Customer 482,customer482@example.com,Australia,Printer 482,Sports,138.22,138.22,2025-10
483,483,483,483,2025-11-22 07:35:08.385401,4,26.1,Customer 483,customer483@example.com,Australia,Printer 483,Electronics,26.1,104.4,2025-11
484,484,484,484,2025-10-02 07:35:08.385437,4,1285.89,Customer 484,customer484@example.com,Australia,Printer 484,Sports,428.63,1714.52,2025-10
485,485,485,485,2026-02-07 07:35:08.385470,4,180.95,Customer 485,customer485@example.com,Usa,Headphones 485,Fashion,180.95,723.8,2026-02
486,486,486,486,2026-02-25 07:35:08.385504,1,655.12,Customer 486,customer486@example.com,Germany,Tablet 486,Home,327.56,327.56,2026-02
487,487,487,487,2025-10-03 07:35:08.385537,1,903.38,Customer 487,customer487@example.com,Japan,Mouse 487,Sports,451.69,451.69,2025-10
488,488,488,488,2026-01-26 07:35:08.385571,4,253.4,Customer 488,customer488@example.com,Canada,Tablet 488,Fashion,253.4,1013.6,2026-01
489,489,489,489,2026-06-13 07:35:08.385604,5,808.52,Customer 489,customer489@example.com,France,Mouse 489,Books,404.26,2021.3,2026-06
490,490,490,490,2026-02-21 07:35:08.385636,2,827.26,Customer 490,customer490@example.com,India,Smartphone 490,Beauty,413.63,827.26,2026-02
491,491,491,491,2025-08-27 07:35:08.385669,4,709.26,Customer 491,customer491@example.com,Uk,Laptop 491,Beauty,354.63,1418.52,2025-08
492,492,492,492,2025-08-15 07:35:08.385702,3,376.98,Customer 492,customer492@example.com,Usa,Keyboard 492,Home,188.49,565.47,2025-08
493,493,493,493,2026-05-16 07:35:08.385737,2,88.69,Customer 493,customer493@example.com,France,Smartwatch 493,Beauty,88.69,177.38,2026-05
494,494,494,494,2025-08-28 07:35:08.385771,5,88.09,Customer 494,customer494@example.com,Japan,Laptop 494,Home,88.09,440.45000000000005,2025-08
495,495,495,495,2025-08-29 07:35:08.385804,1,869.82,Customer 495,customer495@example.com,India,Mouse 495,Fashion,434.91,434.91,2025-08
496,496,496,496,2026-04-01 07:35:08.385837,5,416.2,Customer 496,customer496@example.com,Canada,Keyboard 496,Beauty,416.2,2081.0,2026-04
497,497,497,497,2025-12-18 07:35:08.385871,4,161.4,Customer 497,customer497@example.com,Germany,Speaker 497,Home,80.7,322.8,2025-12
498,498,498,498,2026-01-27 07:35:08.385904,4,728.04,Customer 498,customer498@example.com,India,Keyboard 498,Books,242.68,970.72,2026-01
499,499,499,499,2026-02-23 07:35:08.385936,3,1378.65,Customer 499,customer499@example.com,Usa,Laptop 499,Beauty,459.55,1378.65,2026-02
500,500,500,500,2025-12-19 07:35:08.385969,3,1406.4,Customer 500,customer500@example.com,France,Smartwatch 500,Electronics,468.8,1406.4,2025-12
501,501,501,501,2026-03-20 07:35:08.386002,5,361.52,Customer 501,customer501@example.com,Australia,Speaker 501,Fashion,361.52,1807.6,2026-03
502,502,502,502,2025-09-12 07:35:08.386034,4,70.2,Customer 502,customer502@example.com,India,Printer 502,Beauty,23.4,93.6,2025-09
503,503,503,503,2026-01-02 07:35:08.386068,3,264.62,Customer 503,customer503@example.com,Canada,Smartphone 503,Home,132.31,396.93,2026-01
504,504,504,504,2025-10-12 07:35:08.386105,2,213.1,Customer 504,customer504@example.com,France,Tablet 504,Electronics,213.1,426.2,2025-10
505,505,505,505,2025-12-24 07:35:08.386142,5,707.24,Customer 505,customer505@example.com,Australia,Tablet 505,Fashion,353.62,1768.1,2025-12
506,506,506,506,2026-06-01 07:35:08.386176,2,1166.85,Customer 506,customer506@example.com,Usa,Keyboard 506,Books,388.95,777.9,2026-06
507,507,507,507,2025-12-29 07:35:08.386210,2,608.08,Customer 507,customer507@example.com,Uk,Speaker 507,Home,304.04,608.08,2025-12
508,508,508,508,2026-05-24 07:35:08.386245,3,1035.87,Customer 508,customer508@example.com,Germany,Camera 508,Sports,345.29,1035.8700000000001,2026-05
509,509,509,509,2025-12-02 07:35:08.386278,3,848.79,Customer 509,customer509@example.com,France,Smartphone 509,Electronics,282.93,848.79,2025-12
510,510,510,510,2026-07-10 07:35:08.386311,5,338.92,Customer 510,customer510@example.com,Japan,Smartwatch 510,Books,338.92,1694.6000000000001,2026-07
511,511,511,511,2026-02-21 07:35:08.386344,1,358.03,Customer 511,customer511@example.com,Uk,Smartphone 511,Fashion,358.03,358.03,2026-02
512,512,512,512,2026-05-15 07:35:08.386379,5,670.59,Customer 512,customer512@example.com,France,Keyboard 512,Fashion,223.53,1117.65,2026-05
513,513,513,513,2026-07-11 07:35:08.386411,4,275.02,Customer 513,customer513@example.com,Uk,Laptop 513,Books,137.51,550.04,2026-07
514,514,514,514,2025-11-13 07:35:08.386444,3,167.55,Customer 514,customer514@example.com,Uk,Smartphone 514,Fashion,55.85,167.55,2025-11
515,515,515,515,2026-07-18 07:35:08.386476,3,391.86,Customer 515,customer515@example.com,Uk,Speaker 515,Electronics,130.62,391.86,2026-07
516,516,516,516,2025-09-30 07:35:08.386510,1,99.44,Customer 516,customer516@example.com,India,Headphones 516,Electronics,49.72,49.72,2025-09
517,517,517,517,2026-06-25 07:35:08.386545,5,1208.28,Customer 517,customer517@example.com,Uk,Tablet 517,Electronics,402.76,2013.8,2026-06
518,518,518,518,2026-05-14 07:35:08.386580,1,179.68,Customer 518,customer518@example.com,Canada,Laptop 518,Home,89.84,89.84,2026-05
519,519,519,519,2026-03-16 07:35:08.386615,5,323.82,Customer 519,customer519@example.com,Canada,Camera 519,Sports,107.94,539.7,2026-03
520,520,520,520,2025-08-14 07:35:08.386649,2,523.08,Customer 520,customer520@example.com,Japan,Smartphone 520,Electronics,261.54,523.08,2025-08
521,521,521,521,2025-12-25 07:35:08.386683,3,1476.75,Customer 521,customer521@example.com,Australia,Smartwatch 521,Home,492.25,1476.75,2025-12
522,522,522,522,2026-06-20 07:35:08.386716,5,237.68,Customer 522,customer522@example.com,Japan,Speaker 522,Electronics,237.68,1188.4,2026-06
523,523,523,523,2025-09-15 07:35:08.386749,3,311.7,Customer 523,customer523@example.com,Canada,Speaker 523,Beauty,155.85,467.54999999999995,2025-09
524,524,524,524,2026-05-05 07:35:08.386782,4,543.68,Customer 524,customer524@example.com,France,Smartphone 524,Books,271.84,1087.36,2026-05
525,525,525,525,2026-05-28 07:35:08.386814,2,186.76,Customer 525,customer525@example.com,France,Mouse 525,Sports,186.76,373.52,2026-05
526,526,526,526,2025-10-29 07:35:08.386849,2,81.13,Customer 526,customer526@example.com,Germany,Printer 526,Beauty,81.13,162.26,2025-10
527,527,527,527,2025-10-05 07:35:08.386947,2,354.27,Customer 527,customer527@example.com,Uk,Headphones 527,Beauty,354.27,708.54,2025-10
528,528,528,528,2025-11-25 07:35:08.386981,5,1113.51,Customer 528,customer528@example.com,Japan,Speaker 528,Books,371.17,1855.8500000000001,2025-11
529,529,529,529,2025-12-30 07:35:08.387016,4,164.77,Customer 529,customer529@example.com,Usa,Speaker 529,Sports,164.77,659.08,2025-12
530,530,530,530,2025-11-14 07:35:08.387050,2,1097.52,Customer 530,customer530@example.com,Usa,Headphones 530,Fashion,365.84,731.68,2025-11
531,531,531,531,2025-09-16 07:35:08.387086,2,836.42,Customer 531,customer531@example.com,France,Speaker 531,Books,418.21,836.42,2025-09
532,532,532,532,2026-02-26 07:35:08.387119,2,59.44,Customer 532,customer532@example.com,Uk,Mouse 532,Books,59.44,118.88,2026-02
533,533,533,533,2025-09-18 07:35:08.387152,2,25.67,Customer 533,customer533@example.com,Uk,Headphones 533,Sports,25.67,51.34,2025-09
534,534,534,534,2025-12-09 07:35:08.387185,1,449.2,Customer 534,customer534@example.com,Usa,Keyboard 534,Fashion,449.2,449.2,2025-12
535,535,535,535,2025-12-17 07:35:08.387218,5,912.76,Customer 535,customer535@example.com,Uk,Smartphone 535,Home,456.38,2281.9,2025-12
536,536,536,536,2026-02-07 07:35:08.387251,3,1455.36,Customer 536,customer536@example.com,Canada,Tablet 536,Books,485.12,1455.3600000000001,2026-02
537,537,537,537,2025-12-24 07:35:08.387283,4,758.14,Customer 537,customer537@example.com,India,Tablet 537,Home,379.07,1516.28,2025-12
538,538,538,538,2026-01-07 07:35:08.387316,2,810.12,Customer 538,customer538@example.com,Uk,Laptop 538,Beauty,405.06,810.12,2026-01
539,539,539,539,2026-02-05 07:35:08.387350,1,430.92,Customer 539,customer539@example.com,Usa,Keyboard 539,Fashion,215.46,215.46,2026-02
540,540,540,540,2026-01-05 07:35:08.387383,2,792.58,Customer 540,customer540@example.com,Germany,Keyboard 540,Sports,396.29,792.58,2026-01
541,541,541,541,2025-11-07 07:35:08.387417,3,447.36,Customer 541,customer541@example.com,Uk,Keyboard 541,Sports,149.12,447.36,2025-11
542,542,542,542,2025-09-13 07:35:08.387452,5,128.24,Customer 542,customer542@example.com,France,Speaker 542,Sports,64.12,320.6,2025-09
543,543,543,543,2025-08-24 07:35:08.387487,5,1474.95,Customer 543,customer543@example.com,Usa,Printer 543,Fashion,491.65,2458.25,2025-08
544,544,544,544,2026-06-14 07:35:08.387520,1,116.02,Customer 544,customer544@example.com,Germany,Camera 544,Books,58.01,58.01,2026-06
545,545,545,545,2025-11-18 07:35:08.387553,4,528.56,Customer 545,customer545@example.com,Japan,Mouse 545,Sports,264.28,1057.12,2025-11
546,546,546,546,2025-12-01 07:35:08.387588,1,1453.02,Customer 546,customer546@example.com,Australia,Printer 546,Home,484.34,484.34,2025-12
547,547,547,547,2026-01-22 07:35:08.387623,3,580.32,Customer 547,customer547@example.com,Canada,Smartphone 547,Fashion,290.16,870.48,2026-01
548,548,548,548,2025-11-23 07:35:08.387656,1,445.64,Customer 548,customer548@example.com,Japan,Laptop 548,Fashion,445.64,445.64,2025-11
549,549,549,549,2025-09-24 07:35:08.387689,2,451.14,Customer 549,customer549@example.com,France,Mouse 549,Books,451.14,902.28,2025-09
550,550,550,550,2026-02-08 07:35:08.387722,5,335.61,Customer 550,customer550@example.com,India,Smartphone 550,Sports,335.61,1678.0500000000002,2026-02
551,551,551,551,2025-09-05 07:35:08.387755,5,400.12,Customer 551,customer551@example.com,Usa,Mouse 551,Beauty,400.12,2000.6,2025-09
552,552,552,552,2026-04-30 07:35:08.387791,1,898.92,Customer 552,customer552@example.com,Germany,Printer 552,Sports,449.46,449.46,2026-04
553,553,553,553,2025-12-31 07:35:08.387825,1,96.12,Customer 553,customer553@example.com,India,Speaker 553,Sports,32.04,32.04,2025-12
554,554,554,554,2025-08-18 07:35:08.387860,2,99.51,Customer 554,customer554@example.com,Uk,Smartwatch 554,Home,99.51,199.02,2025-08
555,555,555,555,2026-07-05 07:35:08.387895,2,79.81,Customer 555,customer555@example.com,Japan,Smartphone 555,Fashion,79.81,159.62,2026-07
556,556,556,556,2025-11-26 07:35:08.387928,1,79.42,Customer 556,customer556@example.com,Japan,Smartphone 556,Fashion,39.71,39.71,2025-11
557,557,557,557,2025-12-15 07:35:08.387960,1,987.78,Customer 557,customer557@example.com,Canada,Tablet 557,Sports,329.26,329.26,2025-12
558,558,558,558,2025-09-17 07:35:08.387994,3,1443.18,Customer 558,customer558@example.com,Germany,Keyboard 558,Books,481.06,1443.18,2025-09
559,559,559,559,2025-10-31 07:35:08.388027,5,114.25,Customer 559,customer559@example.com,Japan,Camera 559,Beauty,114.25,571.25,2025-10
560,560,560,560,2025-09-09 07:35:08.388060,3,927.36,Customer 560,customer560@example.com,France,Speaker 560,Home,309.12,927.36,2025-09
561,561,561,561,2025-09-23 07:35:08.388092,4,170.94,Customer 561,customer561@example.com,Germany,Printer 561,Sports,170.94,683.76,2025-09
562,562,562,562,2025-12-16 07:35:08.388125,1,99.52,Customer 562,customer562@example.com,Australia,Speaker 562,Sports,49.76,49.76,2025-12
563,563,563,563,2026-07-21 07:35:08.388157,3,574.62,Customer 563,customer563@example.com,Usa,Smartphone 563,Books,191.54,574.62,2026-07
564,564,564,564,2025-08-05 07:35:08.388190,5,490.26,Customer 564,customer564@example.com,France,Tablet 564,Home,490.26,2451.3,2025-08
565,565,565,565,2026-06-28 07:35:08.388227,2,209.9,Customer 565,customer565@example.com,Australia,Headphones 565,Sports,104.95,209.9,2026-06
566,566,566,566,2025-09-06 07:35:08.388260,1,267.86,Customer 566,customer566@example.com,Usa,Keyboard 566,Sports,133.93,133.93,2025-09
567,567,567,567,2025-11-01 07:35:08.388297,4,763.84,Customer 567,customer567@example.com,Australia,Camera 567,Sports,381.92,1527.68,2025-11
568,568,568,568,2026-05-08 07:35:08.388331,3,435.34,Customer 568,customer568@example.com,Usa,Tablet 568,Beauty,217.67,653.01,2026-05
569,569,569,569,2026-02-11 07:35:08.388364,5,62.84,Customer 569,customer569@example.com,India,Smartwatch 569,Home,62.84,314.20000000000005,2026-02
570,570,570,570,2026-02-21 07:35:08.388397,1,51.91,Customer 570,customer570@example.com,Australia,Mouse 570,Electronics,51.91,51.91,2026-02
571,571,571,571,2026-01-07 07:35:08.388430,1,112.02,Customer 571,customer571@example.com,Canada,Smartphone 571,Beauty,37.34,37.34,2026-01
572,572,572,572,2026-07-18 07:35:08.388462,4,1323.51,Customer 572,customer572@example.com,Japan,Printer 572,Books,441.17,1764.68,2026-07
573,573,573,573,2026-01-31 07:35:08.388495,4,906.28,Customer 573,customer573@example.com,Canada,Mouse 573,Home,453.14,1812.56,2026-01
574,574,574,574,2026-05-18 07:35:08.388528,2,592.84,Customer 574,customer574@example.com,Usa,Headphones 574,Fashion,296.42,592.84,2026-05
575,575,575,575,2026-04-20 07:35:08.388625,2,258.48,Customer 575,customer575@example.com,Uk,Laptop 575,Home,258.48,516.96,2026-04
576,576,576,576,2026-06-08 07:35:08.388660,4,481.9,Customer 576,customer576@example.com,India,Mouse 576,Sports,481.9,1927.6,2026-06
577,577,577,577,2026-04-17 07:35:08.388695,4,127.12,Customer 577,customer577@example.com,Australia,Mouse 577,Home,127.12,508.48,2026-04
578,578,578,578,2026-04-21 07:35:08.388727,2,451.6,Customer 578,customer578@example.com,Canada,Headphones 578,Fashion,225.8,451.6,2026-04
579,579,579,579,2025-08-19 07:35:08.388762,2,41.06,Customer 579,customer579@example.com,Germany,Headphones 579,Home,20.53,41.06,2025-08
580,580,580,580,2026-06-01 07:35:08.388795,2,93.97,Customer 580,customer580@example.com,India,Camera 580,Beauty,93.97,187.94,2026-06
581,581,581,581,2026-05-16 07:35:08.388828,3,383.91,Customer 581,customer581@example.com,Japan,Tablet 581,Electronics,383.91,1151.73,2026-05
582,582,582,582,2025-09-04 07:35:08.388861,5,795.18,Customer 582,customer582@example.com,Germany,Smartphone 582,Books,397.59,1987.9499999999998,2025-09
583,583,583,583,2025-09-02 07:35:08.388893,1,141.48,Customer 583,customer583@example.com,Australia,Printer 583,Books,141.48,141.48,2025-09
584,584,584,584,2026-05-24 07:35:08.388925,1,174.06,Customer 584,customer584@example.com,Japan,Speaker 584,Sports,87.03,87.03,2026-05
585,585,585,585,2026-02-19 07:35:08.388960,3,478.2,Customer 585,customer585@example.com,India,Speaker 585,Books,239.1,717.3,2026-02
586,586,586,586,2026-06-11 07:35:08.388994,1,422.88,Customer 586,customer586@example.com,India,Smartphone 586,Fashion,422.88,422.88,2026-06
587,587,587,587,2026-05-22 07:35:08.389027,5,750.3,Customer 587,customer587@example.com,India,Smartwatch 587,Fashion,375.15,1875.75,2026-05
588,588,588,588,2026-04-06 07:35:08.389062,2,31.66,Customer 588,customer588@example.com,Japan,Mouse 588,Beauty,15.83,31.66,2026-04
589,589,589,589,2025-12-30 07:35:08.389100,2,326.82,Customer 589,customer589@example.com,Australia,Camera 589,Electronics,163.41,326.82,2025-12
590,590,590,590,2025-12-26 07:35:08.389135,4,1221.3,Customer 590,customer590@example.com,France,Laptop 590,Books,407.1,1628.4,2025-12
591,591,591,591,2026-01-12 07:35:08.389170,1,865.23,Customer 591,customer591@example.com,Uk,Headphones 591,Fashion,288.41,288.41,2026-01
592,592,592,592,2025-09-26 07:35:08.389203,4,61.11,Customer 592,customer592@example.com,France,Smartphone 592,Home,61.11,244.44,2025-09
593,593,593,593,2026-02-14 07:35:08.389241,4,465.58,Customer 593,customer593@example.com,France,Keyboard 593,Electronics,232.79,931.16,2026-02
594,594,594,594,2025-08-25 07:35:08.389277,4,73.67,Customer 594,customer594@example.com,Canada,Speaker 594,Home,73.67,294.68,2025-08
595,595,595,595,2025-09-25 07:35:08.389309,2,40.95,Customer 595,customer595@example.com,Australia,Smartwatch 595,Home,13.65,27.3,2025-09
596,596,596,596,2026-03-01 07:35:08.389342,4,1325.07,Customer 596,customer596@example.com,Canada,Smartwatch 596,Beauty,441.69,1766.76,2026-03
597,597,597,597,2026-01-11 07:35:08.389375,1,456.31,Customer 597,customer597@example.com,Japan,Printer 597,Books,456.31,456.31,2026-01
598,598,598,598,2026-06-08 07:35:08.389408,5,992.54,Customer 598,customer598@example.com,Germany,Printer 598,Books,496.27,2481.35,2026-06
599,599,599,599,2026-01-08 07:35:08.389442,2,646.08,Customer 599,customer599@example.com,Australia,Laptop 599,Electronics,323.04,646.08,2026-01
600,600,600,600,2025-12-19 07:35:08.389476,2,472.12,Customer 600,customer600@example.com,India,Printer 600,Books,236.06,472.12,2025-12
601,601,601,601,2025-08-19 07:35:08.389514,3,373.31,Customer 601,customer601@example.com,France,Smartphone 601,Sports,373.31,1119.93,2025-08
602,602,602,602,2025-12-16 07:35:08.389546,1,100.2,Customer 602,customer602@example.com,Germany,Printer 602,Beauty,33.4,33.4,2025-12
603,603,603,603,2026-04-24 07:35:08.389578,1,17.86,Customer 603,customer603@example.com,Germany,Tablet 603,Electronics,17.86,17.86,2026-04
604,604,604,604,2025-12-24 07:35:08.389612,1,317.13,Customer 604,customer604@example.com,India,Camera 604,Sports,317.13,317.13,2025-12
605,605,605,605,2025-09-02 07:35:08.389644,5,228.52,Customer 605,customer605@example.com,India,Laptop 605,Books,114.26,571.3000000000001,2025-09
606,606,606,606,2025-09-27 07:35:08.389677,3,818.19,Customer 606,customer606@example.com,Australia,Smartphone 606,Beauty,272.73,818.19,2025-09
607,607,607,607,2026-04-03 07:35:08.389710,5,522.6,Customer 607,customer607@example.com,India,Printer 607,Electronics,174.2,871.0,2026-04
608,608,608,608,2026-05-22 07:35:08.389742,3,439.92,Customer 608,customer608@example.com,France,Tablet 608,Beauty,219.96,659.88,2026-05
609,609,609,609,2025-09-05 07:35:08.389774,1,1116.72,Customer 609,customer609@example.com,Germany,Mouse 609,Books,372.24,372.24,2025-09
610,610,610,610,2026-04-09 07:35:08.389809,5,548.52,Customer 610,customer610@example.com,India,Tablet 610,Home,274.26,1371.3,2026-04
611,611,611,611,2026-06-15 07:35:08.389842,2,106.59,Customer 611,customer611@example.com,Australia,Smartphone 611,Home,35.53,71.06,2026-06
612,612,612,612,2026-03-26 07:35:08.389875,3,727.24,Customer 612,customer612@example.com,Australia,Smartwatch 612,Home,363.62,1090.8600000000001,2026-03
613,613,613,613,2025-09-22 07:35:08.389909,4,195.08,Customer 613,customer613@example.com,Canada,Camera 613,Books,195.08,780.32,2025-09
614,614,614,614,2026-03-08 07:35:08.389941,4,288.27,Customer 614,customer614@example.com,Uk,Keyboard 614,Beauty,96.09,384.36,2026-03
615,615,615,615,2026-01-10 07:35:08.389973,3,24.1,Customer 615,customer615@example.com,Germany,Headphones 615,Home,12.05,36.150000000000006,2026-01
616,616,616,616,2026-02-03 07:35:08.390064,5,268.68,Customer 616,customer616@example.com,Canada,Speaker 616,Sports,89.56,447.8,2026-02
617,617,617,617,2026-07-17 07:35:08.390097,2,53.82,Customer 617,customer617@example.com,Germany,Tablet 617,Books,26.91,53.82,2026-07
618,618,618,618,2026-06-20 07:35:08.390132,5,387.78,Customer 618,customer618@example.com,Uk,Laptop 618,Electronics,387.78,1938.8999999999999,2026-06
619,619,619,619,2026-02-05 07:35:08.390164,2,739.26,Customer 619,customer619@example.com,Japan,Mouse 619,Fashion,369.63,739.26,2026-02
620,620,620,620,2026-03-06 07:35:08.390198,4,44.22,Customer 620,customer620@example.com,Australia,Laptop 620,Electronics,44.22,176.88,2026-03
621,621,621,621,2026-04-29 07:35:08.390230,2,461.64,Customer 621,customer621@example.com,Uk,Keyboard 621,Electronics,230.82,461.64,2026-04
622,622,622,622,2026-07-16 07:35:08.390328,5,52.0,Customer 622,customer622@example.com,Uk,Smartphone 622,Fashion,52.0,260.0,2026-07
623,623,623,623,2026-03-17 07:35:08.390361,4,114.9,Customer 623,customer623@example.com,Usa,Mouse 623,Electronics,57.45,229.8,2026-03
624,624,624,624,2026-02-12 07:35:08.390427,1,335.89,Customer 624,customer624@example.com,India,Tablet 624,Fashion,335.89,335.89,2026-02
625,625,625,625,2026-04-26 07:35:08.390470,1,694.32,Customer 625,customer625@example.com,France,Tablet 625,Fashion,231.44,231.44,2026-04
626,626,626,626,2026-02-03 07:35:08.390504,4,614.62,Customer 626,customer626@example.com,India,Printer 626,Home,307.31,1229.24,2026-02
627,627,627,627,2026-02-27 07:35:08.390539,5,789.16,Customer 627,customer627@example.com,Uk,Keyboard 627,Sports,394.58,1972.8999999999999,2026-02
628,628,628,628,2026-07-17 07:35:08.390574,2,758.18,Customer 628,customer628@example.com,Germany,Tablet 628,Home,379.09,758.18,2026-07
629,629,629,629,2026-02-11 07:35:08.390610,2,961.32,Customer 629,customer629@example.com,Canada,Headphones 629,Sports,320.44,640.88,2026-02
630,630,630,630,2026-06-17 07:35:08.390645,1,406.14,Customer 630,customer630@example.com,Japan,Keyboard 630,Books,406.14,406.14,2026-06
631,631,631,631,2025-10-30 07:35:08.390680,2,954.98,Customer 631,customer631@example.com,India,Headphones 631,Fashion,477.49,954.98,2025-10
632,632,632,632,2026-04-10 07:35:08.390716,4,43.5,Customer 632,customer632@example.com,Germany,Smartphone 632,Books,14.5,58.0,2026-04
633,633,633,633,2025-10-11 07:35:08.390753,4,484.08,Customer 633,customer633@example.com,Usa,Mouse 633,Fashion,161.36,645.44,2025-10
634,634,634,634,2026-05-01 07:35:08.390788,4,339.6,Customer 634,customer634@example.com,India,Headphones 634,Beauty,113.2,452.8,2026-05
635,635,635,635,2026-06-25 07:35:08.390824,5,1026.51,Customer 635,customer635@example.com,Japan,Camera 635,Books,342.17,1710.8500000000001,2026-06
636,636,636,636,2026-02-26 07:35:08.390857,4,505.44,Customer 636,customer636@example.com,Japan,Smartphone 636,Home,168.48,673.92,2026-02
637,637,637,637,2026-01-27 07:35:08.390893,5,404.14,Customer 637,customer637@example.com,Uk,Tablet 637,Home,404.14,2020.6999999999998,2026-01
638,638,638,638,2025-11-10 07:35:08.390929,3,1462.02,Customer 638,customer638@example.com,Usa,Smartphone 638,Fashion,487.34,1462.02,2025-11
639,639,639,639,2025-08-11 07:35:08.390964,1,498.86,Customer 639,customer639@example.com,Canada,Tablet 639,Books,249.43,249.43,2025-08
640,640,640,640,2026-04-07 07:35:08.390998,1,151.47,Customer 640,customer640@example.com,Usa,Smartphone 640,Electronics,50.49,50.49,2026-04
641,641,641,641,2026-06-11 07:35:08.391031,3,499.98,Customer 641,customer641@example.com,Uk,Speaker 641,Books,499.98,1499.94,2026-06
642,642,642,642,2025-10-29 07:35:08.391063,1,393.9,Customer 642,customer642@example.com,Japan,Keyboard 642,Sports,393.9,393.9,2025-10
643,643,643,643,2025-10-17 07:35:08.391095,3,29.18,Customer 643,customer643@example.com,Australia,Camera 643,Electronics,29.18,87.53999999999999,2025-10
644,644,644,644,2026-03-03 07:35:08.391130,5,20.08,Customer 644,customer644@example.com,Uk,Speaker 644,Beauty,10.04,50.199999999999996,2026-03
645,645,645,645,2026-02-28 07:35:08.391162,2,411.68,Customer 645,customer645@example.com,Germany,Smartphone 645,Beauty,411.68,823.36,2026-02
646,646,646,646,2026-01-08 07:35:08.391195,4,134.93,Customer 646,customer646@example.com,Japan,Smartphone 646,Sports,134.93,539.72,2026-01
647,647,647,647,2026-02-20 07:35:08.391227,4,384.7,Customer 647,customer647@example.com,France,Tablet 647,Beauty,192.35,769.4,2026-02
648,648,648,648,2026-03-14 07:35:08.391259,2,42.32,Customer 648,customer648@example.com,Canada,Keyboard 648,Books,42.32,84.64,2026-03
649,649,649,649,2026-06-13 07:35:08.391295,5,192.22,Customer 649,customer649@example.com,Japan,Smartphone 649,Electronics,96.11,480.55,2026-06
650,650,650,650,2025-08-18 07:35:08.391327,5,1421.37,Customer 650,customer650@example.com,Usa,Headphones 650,Fashion,473.79,2368.9500000000003,2025-08
651,651,651,651,2025-09-07 07:35:08.391359,3,586.83,Customer 651,customer651@example.com,Uk,Headphones 651,Home,195.61,586.83,2025-09
652,652,652,652,2026-04-05 07:35:08.391393,3,451.62,Customer 652,customer652@example.com,India,Printer 652,Sports,150.54,451.62,2026-04
653,653,653,653,2026-06-18 07:35:08.391431,3,382.86,Customer 653,customer653@example.com,Canada,Smartphone 653,Beauty,127.62,382.86,2026-06
654,654,654,654,2026-04-25 07:35:08.391467,1,787.08,Customer 654,customer654@example.com,Uk,Printer 654,Books,262.36,262.36,2026-04
655,655,655,655,2026-05-24 07:35:08.391501,5,965.36,Customer 655,customer655@example.com,Usa,Mouse 655,Books,482.68,2413.4,2026-05
656,656,656,656,2026-03-03 07:35:08.391535,3,426.88,Customer 656,customer656@example.com,India,Tablet 656,Sports,426.88,1280.6399999999999,2026-03
657,657,657,657,2025-12-08 07:35:08.391567,3,851.38,Customer 657,customer657@example.com,Usa,Printer 657,Sports,425.69,1277.07,2025-12
658,658,658,658,2025-11-10 07:35:08.391599,2,119.32,Customer 658,customer658@example.com,Japan,Camera 658,Electronics,59.66,119.32,2025-11
659,659,659,659,2025-10-30 07:35:08.391631,3,193.41,Customer 659,customer659@example.com,Germany,Printer 659,Books,193.41,580.23,2025-10
660,660,660,660,2026-01-10 07:35:08.391664,4,321.75,Customer 660,customer660@example.com,Usa,Camera 660,Beauty,107.25,429.0,2026-01
661,661,661,661,2026-05-27 07:35:08.391697,3,499.28,Customer 661,customer661@example.com,France,Smartphone 661,Books,249.64,748.92,2026-05
662,662,662,662,2025-12-24 07:35:08.391730,5,765.0,Customer 662,customer662@example.com,Uk,Headphones 662,Fashion,255.0,1275.0,2025-12
663,663,663,663,2026-03-19 07:35:08.391764,2,254.16,Customer 663,customer663@example.com,Japan,Tablet 663,Sports,84.72,169.44,2026-03
664,664,664,664,2026-01-07 07:35:08.391798,1,636.32,Customer 664,customer664@example.com,Uk,Tablet 664,Sports,318.16,318.16,2026-01
665,665,665,665,2025-11-28 07:35:08.391831,1,801.72,Customer 665,customer665@example.com,Usa,Speaker 665,Books,267.24,267.24,2025-11
666,666,666,666,2026-07-05 07:35:08.391863,3,166.72,Customer 666,customer666@example.com,India,Speaker 666,Home,166.72,500.15999999999997,2026-07
667,667,667,667,2025-08-16 07:35:08.391897,5,173.8,Customer 667,customer667@example.com,France,Printer 667,Fashion,173.8,869.0,2025-08
668,668,668,668,2026-05-26 07:35:08.391929,5,145.21,Customer 668,customer668@example.com,India,Tablet 668,Beauty,145.21,726.0500000000001,2026-05
669,669,669,669,2025-10-31 07:35:08.391963,2,313.32,Customer 669,customer669@example.com,Canada,Smartphone 669,Sports,313.32,626.64,2025-10
670,670,670,670,2025-11-26 07:35:08.392827,4,955.89,Customer 670,customer670@example.com,India,Camera 670,Books,318.63,1274.52,2025-11
671,671,671,671,2025-11-20 07:35:08.392859,5,119.37,Customer 671,customer671@example.com,France,Laptop 671,Sports,39.79,198.95,2025-11
672,672,672,672,2025-10-01 07:35:08.392892,1,334.17,Customer 672,customer672@example.com,Japan,Mouse 672,Fashion,111.39,111.39,2025-10
673,673,673,673,2026-03-04 07:35:08.392927,1,205.08,Customer 673,customer673@example.com,France,Smartwatch 673,Sports,68.36,68.36,2026-03
674,674,674,674,2026-02-15 07:35:08.392962,1,200.79,Customer 674,customer674@example.com,Germany,Tablet 674,Sports,66.93,66.93,2026-02
675,675,675,675,2026-05-02 07:35:08.392995,3,409.8,Customer 675,customer675@example.com,India,Laptop 675,Beauty,409.8,1229.4,2026-05
676,676,676,676,2026-04-18 07:35:08.393029,5,333.06,Customer 676,customer676@example.com,France,Mouse 676,Sports,111.02,555.1,2026-04
677,677,677,677,2026-04-26 07:35:08.393062,5,111.82,Customer 677,customer677@example.com,India,Headphones 677,Books,55.91,279.54999999999995,2026-04
678,678,678,678,2026-03-28 07:35:08.393096,4,923.49,Customer 678,customer678@example.com,Uk,Speaker 678,Beauty,307.83,1231.32,2026-03
679,679,679,679,2026-07-09 07:35:08.393128,2,20.15,Customer 679,customer679@example.com,Canada,Speaker 679,Books,20.15,40.3,2026-07
680,680,680,680,2025-10-16 07:35:08.393161,4,410.95,Customer 680,customer680@example.com,Canada,Keyboard 680,Beauty,410.95,1643.8,2025-10
681,681,681,681,2026-06-09 07:35:08.393193,5,40.78,Customer 681,customer681@example.com,France,Keyboard 681,Electronics,20.39,101.95,2026-06
682,682,682,682,2026-06-04 07:35:08.393227,4,150.55,Customer 682,customer682@example.com,Uk,Camera 682,Beauty,150.55,602.2,2026-06
683,683,683,683,2026-05-15 07:35:08.393259,2,924.86,Customer 683,customer683@example.com,India,Smartphone 683,Fashion,462.43,924.86,2026-05
684,684,684,684,2025-08-27 07:35:08.393291,3,361.42,Customer 684,customer684@example.com,France,Mouse 684,Fashion,180.71,542.13,2025-08
685,685,685,685,2025-10-09 07:35:08.393325,4,686.64,Customer 685,customer685@example.com,India,Headphones 685,Books,228.88,915.52,2025-10
686,686,686,686,2025-09-26 07:35:08.393358,3,252.16,Customer 686,customer686@example.com,Japan,Camera 686,Fashion,252.16,756.48,2025-09
687,687,687,687,2025-12-28 07:35:08.393390,5,1237.47,Customer 687,customer687@example.com,Australia,Keyboard 687,Sports,412.49,2062.45,2025-12
688,688,688,688,2026-02-03 07:35:08.393425,3,283.6,Customer 688,customer688@example.com,Germany,Laptop 688,Fashion,283.6,850.8000000000001,2026-02
689,689,689,689,2025-08-05 07:35:08.393460,2,74.74,Customer 689,customer689@example.com,Germany,Tablet 689,Home,37.37,74.74,2025-08
690,690,690,690,2026-05-20 07:35:08.393494,1,243.65,Customer 690,customer690@example.com,Canada,Mouse 690,Electronics,243.65,243.65,2026-05
691,691,691,691,2026-02-09 07:35:08.393526,4,805.35,Customer 691,customer691@example.com,Australia,Headphones 691,Beauty,268.45,1073.8,2026-02
692,692,692,692,2025-08-17 07:35:08.393558,4,769.83,Customer 692,customer692@example.com,Usa,Mouse 692,Home,256.61,1026.44,2025-08
693,693,693,693,2026-04-14 07:35:08.393591,4,1460.49,Customer 693,customer693@example.com,Japan,Headphones 693,Fashion,486.83,1947.32,2026-04
694,694,694,694,2026-07-04 07:35:08.393623,3,490.38,Customer 694,customer694@example.com,Canada,Printer 694,Books,163.46,490.38,2026-07
695,695,695,695,2026-07-26 07:35:08.393658,3,148.28,Customer 695,customer695@example.com,India,Laptop 695,Home,148.28,444.84000000000003,2026-07
696,696,696,696,2026-07-27 07:35:08.393691,3,64.76,Customer 696,customer696@example.com,Usa,Mouse 696,Books,32.38,97.14000000000001,2026-07
697,697,697,697,2025-11-16 07:35:08.393727,1,1021.8,Customer 697,customer697@example.com,India,Headphones 697,Beauty,340.6,340.6,2025-11
698,698,698,698,2026-04-04 07:35:08.393759,2,1033.08,Customer 698,customer698@example.com,France,Headphones 698,Home,344.36,688.72,2026-04
699,699,699,699,2026-07-11 07:35:08.393792,4,176.12,Customer 699,customer699@example.com,India,Printer 699,Home,176.12,704.48,2026-07
700,700,700,700,2025-11-18 07:35:08.393824,1,159.78,Customer 700,customer700@example.com,Australia,Smartphone 700,Electronics,79.89,79.89,2025-11
701,701,701,701,2026-03-22 07:35:08.393860,4,134.58,Customer 701,customer701@example.com,India,Camera 701,Electronics,44.86,179.44,2026-03
702,702,702,702,2025-09-15 07:35:08.393895,3,918.8,Customer 702,customer702@example.com,Japan,Speaker 702,Sports,459.4,1378.1999999999998,2025-09
703,703,703,703,2026-07-27 07:35:08.393928,2,37.96,Customer 703,customer703@example.com,Usa,Mouse 703,Beauty,37.96,75.92,2026-07
704,704,704,704,2025-10-31 07:35:08.393962,4,337.88,Customer 704,customer704@example.com,Germany,Speaker 704,Books,337.88,1351.52,2025-10
705,705,705,705,2025-11-30 07:35:08.393997,1,330.94,Customer 705,customer705@example.com,Japan,Camera 705,Electronics,165.47,165.47,2025-11
706,706,706,706,2025-12-23 07:35:08.394030,4,25.35,Customer 706,customer706@example.com,Germany,Camera 706,Sports,25.35,101.4,2025-12
707,707,707,707,2025-12-12 07:35:08.394062,4,131.82,Customer 707,customer707@example.com,Uk,Smartphone 707,Home,43.94,175.76,2025-12
708,708,708,708,2025-08-13 07:35:08.394094,2,321.96,Customer 708,customer708@example.com,India,Smartwatch 708,Home,107.32,214.64,2025-08
709,709,709,709,2026-02-19 07:35:08.394129,1,337.3,Customer 709,customer709@example.com,Germany,Smartphone 709,Beauty,337.3,337.3,2026-02
710,710,710,710,2025-09-10 07:35:08.394163,4,1091.76,Customer 710,customer710@example.com,Japan,Smartwatch 710,Sports,363.92,1455.68,2025-09
711,711,711,711,2025-08-18 07:35:08.394196,5,304.46,Customer 711,customer711@example.com,Japan,Keyboard 711,Home,304.46,1522.3,2025-08
712,712,712,712,2025-10-27 07:35:08.394231,4,1498.59,Customer 712,customer712@example.com,Canada,Printer 712,Beauty,499.53,1998.12,2025-10
713,713,713,713,2025-09-17 07:35:08.394267,1,196.97,Customer 713,customer713@example.com,Uk,Keyboard 713,Books,196.97,196.97,2025-09
714,714,714,714,2025-10-07 07:35:08.394301,1,1135.05,Customer 714,customer714@example.com,Canada,Printer 714,Beauty,378.35,378.35,2025-10
715,715,715,715,2026-01-01 07:35:08.394334,4,429.61,Customer 715,customer715@example.com,Japan,Smartphone 715,Home,429.61,1718.44,2026-01
716,716,716,716,2026-07-15 07:35:08.394367,1,339.92,Customer 716,customer716@example.com,France,Smartwatch 716,Books,339.92,339.92,2026-07
717,717,717,717,2026-01-11 07:35:08.394403,1,385.5,Customer 717,customer717@example.com,Uk,Mouse 717,Books,128.5,128.5,2026-01
718,718,718,718,2025-11-15 07:35:08.394503,1,262.92,Customer 718,customer718@example.com,Japan,Camera 718,Sports,87.64,87.64,2025-11
719,719,719,719,2026-05-14 07:35:08.394536,1,167.1,Customer 719,customer719@example.com,India,Tablet 719,Electronics,55.7,55.7,2026-05
720,720,720,720,2026-04-09 07:35:08.394576,3,319.44,Customer 720,customer720@example.com,Uk,Printer 720,Beauty,319.44,958.3199999999999,2026-04
721,721,721,721,2026-05-30 07:35:08.394612,1,21.34,Customer 721,customer721@example.com,Canada,Headphones 721,Beauty,21.34,21.34,2026-05
722,722,722,722,2025-09-14 07:35:08.394647,1,250.61,Customer 722,customer722@example.com,Germany,Speaker 722,Electronics,250.61,250.61,2025-09
723,723,723,723,2025-09-24 07:35:08.394680,1,14.97,Customer 723,customer723@example.com,Uk,Headphones 723,Fashion,14.97,14.97,2025-09
724,724,724,724,2025-10-30 07:35:08.394716,1,404.13,Customer 724,customer724@example.com,Uk,Keyboard 724,Beauty,134.71,134.71,2025-10
725,725,725,725,2026-04-20 07:35:08.394751,1,235.36,Customer 725,customer725@example.com,Usa,Camera 725,Home,117.68,117.68,2026-04
726,726,726,726,2026-03-10 07:35:08.394784,4,461.95,Customer 726,customer726@example.com,Japan,Keyboard 726,Books,461.95,1847.8,2026-03
727,727,727,727,2026-06-06 07:35:08.394818,5,435.26,Customer 727,customer727@example.com,Australia,Speaker 727,Books,217.63,1088.15,2026-06
728,728,728,728,2025-09-25 07:35:08.394851,5,891.66,Customer 728,customer728@example.com,Canada,Printer 728,Home,445.83,2229.15,2025-09
729,729,729,729,2026-05-30 07:35:08.394885,1,91.18,Customer 729,customer729@example.com,Uk,Camera 729,Home,45.59,45.59,2026-05
730,730,730,730,2025-10-17 07:35:08.394918,3,596.82,Customer 730,customer730@example.com,Germany,Keyboard 730,Electronics,198.94,596.8199999999999,2025-10
731,731,731,731,2025-12-28 07:35:08.394951,1,106.59,Customer 731,customer731@example.com,India,Camera 731,Home,106.59,106.59,2025-12
732,732,732,732,2026-05-25 07:35:08.394984,4,325.4,Customer 732,customer732@example.com,Usa,Smartwatch 732,Electronics,325.4,1301.6,2026-05
733,733,733,733,2026-01-08 07:35:08.395020,1,1093.17,Customer 733,customer733@example.com,Australia,Smartphone 733,Books,364.39,364.39,2026-01
734,734,734,734,2026-06-09 07:35:08.395055,1,483.9,Customer 734,customer734@example.com,Australia,Printer 734,Beauty,483.9,483.9,2026-06
735,735,735,735,2026-07-29 07:35:08.395090,1,106.26,Customer 735,customer735@example.com,Japan,Tablet 735,Home,53.13,53.13,2026-07
736,736,736,736,2026-05-28 07:35:08.395124,3,93.47,Customer 736,customer736@example.com,Japan,Smartwatch 736,Beauty,93.47,280.40999999999997,2026-05
737,737,737,737,2025-11-26 07:35:08.395159,2,334.02,Customer 737,customer737@example.com,Germany,Mouse 737,Books,334.02,668.04,2025-11
738,738,738,738,2026-04-12 07:35:08.395197,4,972.32,Customer 738,customer738@example.com,Germany,Smartphone 738,Electronics,486.16,1944.64,2026-04
739,739,739,739,2026-05-26 07:35:08.395230,2,464.94,Customer 739,customer739@example.com,India,Smartwatch 739,Beauty,232.47,464.94,2026-05
740,740,740,740,2025-09-03 07:35:08.395264,1,217.32,Customer 740,customer740@example.com,Germany,Smartphone 740,Fashion,217.32,217.32,2025-09
741,741,741,741,2025-10-23 07:35:08.395300,1,486.72,Customer 741,customer741@example.com,Uk,Smartwatch 741,Electronics,243.36,243.36,2025-10
742,742,742,742,2025-12-27 07:35:08.395369,2,287.14,Customer 742,customer742@example.com,India,Laptop 742,Books,143.57,287.14,2025-12
743,743,743,743,2026-04-10 07:35:08.395407,1,63.5,Customer 743,customer743@example.com,Australia,Keyboard 743,Books,63.5,63.5,2026-04
744,744,744,744,2026-04-10 07:35:08.395440,3,705.52,Customer 744,customer744@example.com,France,Tablet 744,Sports,352.76,1058.28,2026-04
745,745,745,745,2026-03-31 07:35:08.395480,2,201.38,Customer 745,customer745@example.com,France,Laptop 745,Electronics,100.69,201.38,2026-03
746,746,746,746,2026-06-22 07:35:08.395516,2,727.65,Customer 746,customer746@example.com,Uk,Laptop 746,Beauty,242.55,485.1,2026-06
747,747,747,747,2026-04-06 07:35:08.395550,5,96.42,Customer 747,customer747@example.com,Germany,Printer 747,Electronics,32.14,160.7,2026-04
748,748,748,748,2026-01-26 07:35:08.395585,4,370.06,Customer 748,customer748@example.com,India,Printer 748,Books,370.06,1480.24,2026-01
749,749,749,749,2026-04-10 07:35:08.395622,2,692.06,Customer 749,customer749@example.com,Australia,Smartphone 749,Fashion,346.03,692.06,2026-04
750,750,750,750,2025-09-14 07:35:08.395655,5,107.48,Customer 750,customer750@example.com,India,Tablet 750,Beauty,53.74,268.7,2025-09
751,751,751,751,2025-10-08 07:35:08.395688,5,1419.54,Customer 751,customer751@example.com,Japan,Mouse 751,Books,473.18,2365.9,2025-10
752,752,752,752,2025-12-05 07:35:08.395720,2,1455.12,Customer 752,customer752@example.com,India,Smartwatch 752,Electronics,485.04,970.08,2025-12
753,753,753,753,2026-05-29 07:35:08.395753,1,35.28,Customer 753,customer753@example.com,France,Smartphone 753,Fashion,17.64,17.64,2026-05
754,754,754,754,2025-08-25 07:35:08.395786,5,181.61,Customer 754,customer754@example.com,Usa,Smartwatch 754,Home,181.61,908.0500000000001,2025-08
755,755,755,755,2025-09-08 07:35:08.395821,4,51.5,Customer 755,customer755@example.com,Canada,Smartwatch 755,Home,25.75,103.0,2025-09
756,756,756,756,2025-10-21 07:35:08.395857,2,156.4,Customer 756,customer756@example.com,Japan,Camera 756,Sports,78.2,156.4,2025-10
757,757,757,757,2025-08-15 07:35:08.395892,3,114.12,Customer 757,customer757@example.com,Uk,Speaker 757,Books,57.06,171.18,2025-08
758,758,758,758,2025-09-20 07:35:08.395927,3,479.17,Customer 758,customer758@example.com,Usa,Keyboard 758,Electronics,479.17,1437.51,2025-09
759,759,759,759,2025-12-08 07:35:08.395964,1,71.71,Customer 759,customer759@example.com,France,Laptop 759,Books,71.71,71.71,2025-12
760,760,760,760,2025-08-20 07:35:08.395999,5,1045.17,Customer 760,customer760@example.com,France,Mouse 760,Books,348.39,1741.9499999999998,2025-08
761,761,761,761,2026-07-28 07:35:08.396039,4,1345.74,Customer 761,customer761@example.com,Australia,Headphones 761,Home,448.58,1794.32,2026-07
762,762,762,762,2025-12-16 07:35:08.396080,4,131.13,Customer 762,customer762@example.com,Canada,Keyboard 762,Electronics,131.13,524.52,2025-12
763,763,763,763,2026-07-20 07:35:08.396113,2,225.17,Customer 763,customer763@example.com,France,Mouse 763,Beauty,225.17,450.34,2026-07
764,764,764,764,2026-01-24 07:35:08.396145,3,304.24,Customer 764,customer764@example.com,Germany,Printer 764,Books,152.12,456.36,2026-01
765,765,765,765,2026-07-14 07:35:08.396244,5,137.72,Customer 765,customer765@example.com,Usa,Smartwatch 765,Books,68.86,344.3,2026-07
766,766,766,766,2025-11-05 07:35:08.396277,4,555.9,Customer 766,customer766@example.com,France,Laptop 766,Home,185.3,741.2,2025-11
767,767,767,767,2026-02-26 07:35:08.396312,4,430.75,Customer 767,customer767@example.com,India,Printer 767,Beauty,430.75,1723.0,2026-02
768,768,768,768,2026-06-27 07:35:08.396345,1,168.8,Customer 768,customer768@example.com,France,Headphones 768,Beauty,168.8,168.8,2026-06
769,769,769,769,2026-01-16 07:35:08.396380,4,490.85,Customer 769,customer769@example.com,Australia,Camera 769,Home,490.85,1963.4,2026-01
770,770,770,770,2026-06-06 07:35:08.396413,4,614.4,Customer 770,customer770@example.com,Canada,Printer 770,Fashion,307.2,1228.8,2026-06
771,771,771,771,2026-04-24 07:35:08.396447,1,325.74,Customer 771,customer771@example.com,Australia,Smartwatch 771,Home,108.58,108.58,2026-04
772,772,772,772,2025-09-06 07:35:08.396479,5,555.64,Customer 772,customer772@example.com,India,Speaker 772,Sports,277.82,1389.1,2025-09
773,773,773,773,2026-06-21 07:35:08.396512,2,658.44,Customer 773,customer773@example.com,Uk,Smartphone 773,Books,219.48,438.96,2026-06
774,774,774,774,2026-01-13 07:35:08.396546,3,412.45,Customer 774,customer774@example.com,India,Laptop 774,Home,412.45,1237.35,2026-01
775,775,775,775,2025-08-31 07:35:08.396579,1,37.76,Customer 775,customer775@example.com,France,Speaker 775,Sports,37.76,37.76,2025-08
776,776,776,776,2026-06-30 07:35:08.396611,2,820.42,Customer 776,customer776@example.com,Uk,Tablet 776,Sports,410.21,820.42,2026-06
777,777,777,777,2026-05-26 07:35:08.396644,3,909.27,Customer 777,customer777@example.com,India,Smartphone 777,Books,303.09,909.27,2026-05
778,778,778,778,2026-07-18 07:35:08.396676,2,476.01,Customer 778,customer778@example.com,India,Speaker 778,Books,158.67,317.34,2026-07
779,779,779,779,2025-10-23 07:35:08.396708,2,385.18,Customer 779,customer779@example.com,Australia,Laptop 779,Books,385.18,770.36,2025-10
780,780,780,780,2025-10-30 07:35:08.396746,5,123.7,Customer 780,customer780@example.com,Japan,Laptop 780,Home,123.7,618.5,2025-10
781,781,781,781,2025-09-24 07:35:08.396780,4,327.84,Customer 781,customer781@example.com,Uk,Smartwatch 781,Electronics,163.92,655.68,2025-09
782,782,782,782,2025-12-16 07:35:08.396812,3,740.52,Customer 782,customer782@example.com,Germany,Printer 782,Beauty,370.26,1110.78,2025-12
783,783,783,783,2025-09-16 07:35:08.396845,4,122.3,Customer 783,customer783@example.com,India,Keyboard 783,Sports,61.15,244.6,2025-09
784,784,784,784,2025-08-08 07:35:08.396877,4,1095.63,Customer 784,customer784@example.com,Germany,Smartphone 784,Fashion,365.21,1460.84,2025-08
785,785,785,785,2026-01-16 07:35:08.396909,4,157.2,Customer 785,customer785@example.com,France,Mouse 785,Books,157.2,628.8,2026-01
786,786,786,786,2026-07-18 07:35:08.396943,5,71.22,Customer 786,customer786@example.com,Uk,Speaker 786,Sports,35.61,178.05,2026-07
787,787,787,787,2026-01-14 07:35:08.396976,3,1395.0,Customer 787,customer787@example.com,Japan,Speaker 787,Beauty,465.0,1395.0,2026-01
788,788,788,788,2026-03-10 07:35:08.397008,3,238.99,Customer 788,customer788@example.com,France,Headphones 788,Books,238.99,716.97,2026-03
789,789,789,789,2025-08-27 07:35:08.397040,3,666.04,Customer 789,customer789@example.com,France,Camera 789,Fashion,333.02,999.06,2025-08
790,790,790,790,2026-06-21 07:35:08.397075,3,967.47,Customer 790,customer790@example.com,Usa,Camera 790,Books,322.49,967.47,2026-06
791,791,791,791,2025-08-30 07:35:08.397110,1,121.44,Customer 791,customer791@example.com,France,Printer 791,Home,121.44,121.44,2025-08
792,792,792,792,2026-03-22 07:35:08.397146,1,1084.53,Customer 792,customer792@example.com,India,Laptop 792,Sports,361.51,361.51,2026-03
793,793,793,793,2025-10-12 07:35:08.397181,3,196.38,Customer 793,customer793@example.com,Canada,Keyboard 793,Books,65.46,196.38,2025-10
794,794,794,794,2026-01-21 07:35:08.397214,4,792.4,Customer 794,customer794@example.com,Usa,Camera 794,Sports,396.2,1584.8,2026-01
795,795,795,795,2025-11-13 07:35:08.397247,5,340.89,Customer 795,customer795@example.com,Usa,Smartphone 795,Sports,113.63,568.15,2025-11
796,796,796,796,2025-10-15 07:35:08.397279,5,145.32,Customer 796,customer796@example.com,Uk,Speaker 796,Beauty,48.44,242.2,2025-10
797,797,797,797,2025-10-10 07:35:08.397312,3,333.01,Customer 797,customer797@example.com,Usa,Mouse 797,Books,333.01,999.03,2025-10
798,798,798,798,2025-10-18 07:35:08.397347,5,369.07,Customer 798,customer798@example.com,Canada,Tablet 798,Books,369.07,1845.35,2025-10
799,799,799,799,2025-08-20 07:35:08.397380,5,1390.8,Customer 799,customer799@example.com,Germany,Mouse 799,Home,463.6,2318.0,2025-08
800,800,800,800,2026-04-21 07:35:08.397412,2,514.92,Customer 800,customer800@example.com,Canada,Speaker 800,Books,257.46,514.92,2026-04
801,801,801,801,2026-06-24 07:35:08.397446,2,1308.09,Customer 801,customer801@example.com,Australia,Smartphone 801,Home,436.03,872.06,2026-06
802,802,802,802,2026-06-06 07:35:08.397479,1,175.04,Customer 802,customer802@example.com,Germany,Smartwatch 802,Electronics,175.04,175.04,2026-06
803,803,803,803,2025-11-13 07:35:08.397513,1,353.06,Customer 803,customer803@example.com,Japan,Smartwatch 803,Books,353.06,353.06,2025-11
804,804,804,804,2026-04-04 07:35:08.397546,3,193.18,Customer 804,customer804@example.com,Japan,Camera 804,Books,96.59,289.77,2026-04
805,805,805,805,2026-04-15 07:35:08.397580,4,594.57,Customer 805,customer805@example.com,Japan,Smartwatch 805,Fashion,198.19,792.76,2026-04
806,806,806,806,2026-03-06 07:35:08.397612,3,432.57,Customer 806,customer806@example.com,Uk,Smartphone 806,Fashion,144.19,432.57,2026-03
807,807,807,807,2026-01-23 07:35:08.397645,2,904.5,Customer 807,customer807@example.com,Uk,Laptop 807,Sports,452.25,904.5,2026-01
808,808,808,808,2025-11-21 07:35:08.397677,3,356.1,Customer 808,customer808@example.com,France,Smartphone 808,Beauty,356.1,1068.3000000000002,2025-11
809,809,809,809,2025-11-11 07:35:08.397709,1,260.4,Customer 809,customer809@example.com,Germany,Smartphone 809,Fashion,86.8,86.8,2025-11
810,810,810,810,2026-07-27 07:35:08.397750,2,333.95,Customer 810,customer810@example.com,India,Tablet 810,Sports,333.95,667.9,2026-07
811,811,811,811,2026-06-16 07:35:08.397783,5,1108.32,Customer 811,customer811@example.com,Uk,Printer 811,Home,369.44,1847.2,2026-06
812,812,812,812,2025-10-06 07:35:08.397816,2,644.7,Customer 812,customer812@example.com,Germany,Headphones 812,Electronics,214.9,429.8,2025-10
813,813,813,813,2025-11-27 07:35:08.397912,3,247.68,Customer 813,customer813@example.com,Germany,Smartwatch 813,Beauty,247.68,743.04,2025-11
814,814,814,814,2025-08-09 07:35:08.397946,4,289.02,Customer 814,customer814@example.com,Germany,Speaker 814,Electronics,96.34,385.36,2025-08
815,815,815,815,2026-03-20 07:35:08.397978,3,517.34,Customer 815,customer815@example.com,Usa,Smartwatch 815,Fashion,258.67,776.01,2026-03
816,816,816,816,2026-04-09 07:35:08.398010,5,117.28,Customer 816,customer816@example.com,France,Printer 816,Beauty,117.28,586.4,2026-04
817,817,817,817,2025-08-05 07:35:08.398044,3,548.98,Customer 817,customer817@example.com,India,Headphones 817,Sports,274.49,823.47,2025-08
818,818,818,818,2026-01-21 07:35:08.398076,3,407.62,Customer 818,customer818@example.com,Germany,Headphones 818,Sports,203.81,611.4300000000001,2026-01
819,819,819,819,2026-07-19 07:35:08.398110,2,1193.28,Customer 819,customer819@example.com,Canada,Keyboard 819,Books,397.76,795.52,2026-07
820,820,820,820,2025-08-05 07:35:08.398142,4,439.54,Customer 820,customer820@example.com,Japan,Headphones 820,Beauty,439.54,1758.16,2025-08
821,821,821,821,2026-07-20 07:35:08.398175,3,862.12,Customer 821,customer821@example.com,Japan,Tablet 821,Sports,431.06,1293.18,2026-07
822,822,822,822,2026-03-11 07:35:08.398210,4,440.94,Customer 822,customer822@example.com,Australia,Speaker 822,Fashion,220.47,881.88,2026-03
823,823,823,823,2026-01-09 07:35:08.398243,2,720.28,Customer 823,customer823@example.com,Japan,Camera 823,Sports,360.14,720.28,2026-01
824,824,824,824,2025-10-01 07:35:08.398276,2,284.83,Customer 824,customer824@example.com,Uk,Smartphone 824,Electronics,284.83,569.66,2025-10
825,825,825,825,2026-07-13 07:35:08.398309,3,400.47,Customer 825,customer825@example.com,Germany,Laptop 825,Books,133.49,400.47,2026-07
826,826,826,826,2025-11-26 07:35:08.398343,5,490.14,Customer 826,customer826@example.com,Australia,Keyboard 826,Books,163.38,816.9,2025-11
827,827,827,827,2026-06-03 07:35:08.398375,1,529.54,Customer 827,customer827@example.com,Uk,Laptop 827,Home,264.77,264.77,2026-06
828,828,828,828,2025-08-19 07:35:08.398408,3,466.23,Customer 828,customer828@example.com,Japan,Speaker 828,Electronics,155.41,466.23,2025-08
829,829,829,829,2025-12-02 07:35:08.398441,4,110.19,Customer 829,customer829@example.com,France,Keyboard 829,Beauty,110.19,440.76,2025-12
830,830,830,830,2026-02-22 07:35:08.398473,2,97.82,Customer 830,customer830@example.com,Usa,Camera 830,Books,97.82,195.64,2026-02
831,831,831,831,2026-04-24 07:35:08.398505,3,85.44,Customer 831,customer831@example.com,Australia,Mouse 831,Home,42.72,128.16,2026-04
832,832,832,832,2026-06-09 07:35:08.398537,2,648.76,Customer 832,customer832@example.com,France,Keyboard 832,Sports,324.38,648.76,2026-06
833,833,833,833,2025-09-19 07:35:08.398569,4,388.27,Customer 833,customer833@example.com,Japan,Camera 833,Sports,388.27,1553.08,2025-09
834,834,834,834,2026-05-22 07:35:08.398603,5,485.96,Customer 834,customer834@example.com,Uk,Headphones 834,Home,242.98,1214.8999999999999,2026-05
835,835,835,835,2026-02-22 07:35:08.398635,5,389.76,Customer 835,customer835@example.com,Germany,Keyboard 835,Books,194.88,974.4,2026-02
836,836,836,836,2025-08-15 07:35:08.398668,1,853.92,Customer 836,customer836@example.com,France,Headphones 836,Books,284.64,284.64,2025-08
837,837,837,837,2026-07-26 07:35:08.398703,2,624.64,Customer 837,customer837@example.com,India,Speaker 837,Home,312.32,624.64,2026-07
838,838,838,838,2025-09-03 07:35:08.398777,3,769.11,Customer 838,customer838@example.com,Canada,Camera 838,Fashion,256.37,769.11,2025-09
839,839,839,839,2025-12-11 07:35:08.398823,4,432.96,Customer 839,customer839@example.com,Usa,Mouse 839,Electronics,432.96,1731.84,2025-12
840,840,840,840,2025-08-02 07:35:08.398863,1,101.16,Customer 840,customer840@example.com,Uk,Headphones 840,Home,50.58,50.58,2025-08
841,841,841,841,2025-10-04 07:35:08.398904,3,1276.89,Customer 841,customer841@example.com,Usa,Camera 841,Beauty,425.63,1276.8899999999999,2025-10
842,842,842,842,2026-03-12 07:35:08.398943,5,367.19,Customer 842,customer842@example.com,Germany,Keyboard 842,Home,367.19,1835.95,2026-03
843,843,843,843,2026-06-17 07:35:08.398977,5,363.68,Customer 843,customer843@example.com,France,Smartwatch 843,Sports,181.84,909.2,2026-06
844,844,844,844,2025-09-08 07:35:08.399014,3,966.46,Customer 844,customer844@example.com,India,Mouse 844,Beauty,483.23,1449.69,2025-09
845,845,845,845,2025-10-15 07:35:08.399048,3,391.72,Customer 845,customer845@example.com,Uk,Smartwatch 845,Electronics,195.86,587.58,2025-10
846,846,846,846,2025-09-06 07:35:08.399082,5,110.56,Customer 846,customer846@example.com,France,Printer 846,Fashion,55.28,276.4,2025-09
847,847,847,847,2025-11-16 07:35:08.399116,5,979.62,Customer 847,customer847@example.com,Germany,Speaker 847,Fashion,326.54,1632.7,2025-11
848,848,848,848,2025-10-04 07:35:08.399151,3,526.68,Customer 848,customer848@example.com,France,Laptop 848,Electronics,263.34,790.02,2025-10
849,849,849,849,2026-06-10 07:35:08.399184,2,175.58,Customer 849,customer849@example.com,Canada,Camera 849,Electronics,87.79,175.58,2026-06
850,850,850,850,2026-03-29 07:35:08.399216,3,902.55,Customer 850,customer850@example.com,Australia,Mouse 850,Books,300.85,902.5500000000001,2026-03
851,851,851,851,2026-01-07 07:35:08.399252,5,62.85,Customer 851,customer851@example.com,Usa,Tablet 851,Sports,62.85,314.25,2026-01
852,852,852,852,2026-06-15 07:35:08.399285,3,73.65,Customer 852,customer852@example.com,Germany,Mouse 852,Home,73.65,220.95000000000002,2026-06
853,853,853,853,2025-12-20 07:35:08.399319,1,472.89,Customer 853,customer853@example.com,Uk,Tablet 853,Home,157.63,157.63,2025-12
854,854,854,854,2025-08-08 07:35:08.399352,2,357.82,Customer 854,customer854@example.com,Usa,Printer 854,Home,178.91,357.82,2025-08
855,855,855,855,2026-03-09 07:35:08.399384,4,1151.67,Customer 855,customer855@example.com,Japan,Headphones 855,Fashion,383.89,1535.56,2026-03
856,856,856,856,2025-11-17 07:35:08.399416,1,291.9,Customer 856,customer856@example.com,Usa,Tablet 856,Sports,97.3,97.3,2025-11
857,857,857,857,2026-04-30 07:35:08.399448,4,157.95,Customer 857,customer857@example.com,Germany,Laptop 857,Home,157.95,631.8,2026-04
858,858,858,858,2026-02-04 07:35:08.399485,1,270.42,Customer 858,customer858@example.com,France,Speaker 858,Home,90.14,90.14,2026-02
859,859,859,859,2026-02-26 07:35:08.399520,4,496.42,Customer 859,customer859@example.com,Japan,Printer 859,Electronics,248.21,992.84,2026-02
860,860,860,860,2026-01-16 07:35:08.399555,1,64.72,Customer 860,customer860@example.com,India,Keyboard 860,Fashion,64.72,64.72,2026-01
861,861,861,861,2025-12-08 07:35:08.399661,3,237.73,Customer 861,customer861@example.com,Australia,Speaker 861,Electronics,237.73,713.1899999999999,2025-12
862,862,862,862,2026-02-15 07:35:08.399698,3,292.74,Customer 862,customer862@example.com,Usa,Keyboard 862,Fashion,97.58,292.74,2026-02
863,863,863,863,2025-09-10 07:35:08.399730,4,102.36,Customer 863,customer863@example.com,Japan,Tablet 863,Home,51.18,204.72,2025-09
864,864,864,864,2025-09-08 07:35:08.399763,1,340.06,Customer 864,customer864@example.com,Australia,Laptop 864,Electronics,170.03,170.03,2025-09
865,865,865,865,2026-06-21 07:35:08.399799,4,475.68,Customer 865,customer865@example.com,Japan,Laptop 865,Home,475.68,1902.72,2026-06
866,866,866,866,2026-03-13 07:35:08.399832,2,581.86,Customer 866,customer866@example.com,Germany,Laptop 866,Fashion,290.93,581.86,2026-03
867,867,867,867,2026-05-26 07:35:08.399864,3,419.04,Customer 867,customer867@example.com,France,Smartwatch 867,Electronics,209.52,628.5600000000001,2026-05
868,868,868,868,2025-12-08 07:35:08.399897,5,82.44,Customer 868,customer868@example.com,Usa,Camera 868,Home,41.22,206.1,2025-12
869,869,869,869,2025-11-18 07:35:08.399929,2,499.86,Customer 869,customer869@example.com,Usa,Camera 869,Fashion,166.62,333.24,2025-11
870,870,870,870,2026-01-23 07:35:08.399961,3,985.24,Customer 870,customer870@example.com,Canada,Printer 870,Sports,492.62,1477.8600000000001,2026-01
871,871,871,871,2026-03-08 07:35:08.399997,5,860.4,Customer 871,customer871@example.com,Uk,Mouse 871,Fashion,286.8,1434.0,2026-03
872,872,872,872,2026-05-11 07:35:08.400029,4,350.91,Customer 872,customer872@example.com,Canada,Smartphone 872,Books,116.97,467.88,2026-05
873,873,873,873,2026-01-12 07:35:08.400064,2,123.52,Customer 873,customer873@example.com,India,Camera 873,Beauty,61.76,123.52,2026-01
874,874,874,874,2026-05-04 07:35:08.400096,1,542.02,Customer 874,customer874@example.com,Japan,Smartwatch 874,Electronics,271.01,271.01,2026-05
875,875,875,875,2026-01-03 07:35:08.400129,1,627.52,Customer 875,customer875@example.com,Germany,Headphones 875,Sports,313.76,313.76,2026-01
876,876,876,876,2026-05-10 07:35:08.400161,4,748.1,Customer 876,customer876@example.com,Canada,Camera 876,Electronics,374.05,1496.2,2026-05
877,877,877,877,2025-12-08 07:35:08.400195,2,125.28,Customer 877,customer877@example.com,India,Headphones 877,Fashion,41.76,83.52,2025-12
878,878,878,878,2026-06-26 07:35:08.400227,1,1311.96,Customer 878,customer878@example.com,Canada,Mouse 878,Fashion,437.32,437.32,2026-06
879,879,879,879,2026-07-01 07:35:08.400260,3,546.6,Customer 879,customer879@example.com,Japan,Smartwatch 879,Beauty,273.3,819.9000000000001,2026-07
880,880,880,880,2026-06-04 07:35:08.400292,2,121.56,Customer 880,customer880@example.com,Australia,Speaker 880,Electronics,60.78,121.56,2026-06
881,881,881,881,2025-11-22 07:35:08.400324,2,649.2,Customer 881,customer881@example.com,France,Smartphone 881,Fashion,324.6,649.2,2025-11
882,882,882,882,2026-07-18 07:35:08.400358,2,602.54,Customer 882,customer882@example.com,France,Mouse 882,Fashion,301.27,602.54,2026-07
883,883,883,883,2026-05-27 07:35:08.400393,2,676.59,Customer 883,customer883@example.com,France,Printer 883,Beauty,225.53,451.06,2026-05
884,884,884,884,2025-11-09 07:35:08.400428,4,31.82,Customer 884,customer884@example.com,France,Headphones 884,Sports,15.91,63.64,2025-11
885,885,885,885,2025-11-27 07:35:08.400461,2,390.42,Customer 885,customer885@example.com,India,Keyboard 885,Fashion,195.21,390.42,2025-11
886,886,886,886,2025-11-18 07:35:08.400496,4,439.11,Customer 886,customer886@example.com,Germany,Tablet 886,Home,146.37,585.48,2025-11
887,887,887,887,2025-10-21 07:35:08.400528,5,175.29,Customer 887,customer887@example.com,Usa,Speaker 887,Beauty,58.43,292.15,2025-10
888,888,888,888,2025-12-10 07:35:08.400561,2,99.52,Customer 888,customer888@example.com,Germany,Smartwatch 888,Beauty,99.52,199.04,2025-12
889,889,889,889,2025-10-07 07:35:08.400595,4,316.7,Customer 889,customer889@example.com,Canada,Headphones 889,Sports,158.35,633.4,2025-10
890,890,890,890,2025-10-03 07:35:08.400630,2,679.59,Customer 890,customer890@example.com,Germany,Printer 890,Electronics,226.53,453.06,2025-10
891,891,891,891,2026-01-04 07:35:08.400663,5,809.66,Customer 891,customer891@example.com,Australia,Tablet 891,Sports,404.83,2024.1499999999999,2026-01
892,892,892,892,2026-02-23 07:35:08.400698,4,132.02,Customer 892,customer892@example.com,France,Smartwatch 892,Sports,132.02,528.08,2026-02
893,893,893,893,2025-12-17 07:35:08.400731,3,292.83,Customer 893,customer893@example.com,Australia,Printer 893,Home,97.61,292.83,2025-12
894,894,894,894,2025-09-22 07:35:08.400765,2,478.92,Customer 894,customer894@example.com,Germany,Smartwatch 894,Sports,159.64,319.28,2025-09
895,895,895,895,2025-08-31 07:35:08.400799,5,669.34,Customer 895,customer895@example.com,Uk,Headphones 895,Sports,334.67,1673.3500000000001,2025-08
896,896,896,896,2025-12-13 07:35:08.400831,3,347.04,Customer 896,customer896@example.com,India,Headphones 896,Fashion,173.52,520.5600000000001,2025-12
897,897,897,897,2026-07-22 07:35:08.400865,2,326.44,Customer 897,customer897@example.com,Usa,Speaker 897,Fashion,326.44,652.88,2026-07
898,898,898,898,2025-11-16 07:35:08.400898,4,568.78,Customer 898,customer898@example.com,Japan,Camera 898,Sports,284.39,1137.56,2025-11
899,899,899,899,2025-10-04 07:35:08.400930,4,201.13,Customer 899,customer899@example.com,Australia,Laptop 899,Beauty,201.13,804.52,2025-10
900,900,900,900,2026-01-01 07:35:08.400962,2,241.2,Customer 900,customer900@example.com,Australia,Smartwatch 900,Electronics,241.2,482.4,2026-01
901,901,901,901,2025-08-12 07:35:08.400996,1,277.83,Customer 901,customer901@example.com,Germany,Camera 901,Sports,277.83,277.83,2025-08
902,902,902,902,2025-08-05 07:35:08.401029,3,243.12,Customer 902,customer902@example.com,Uk,Camera 902,Books,121.56,364.68,2025-08
903,903,903,903,2026-01-21 07:35:08.401061,1,1252.56,Customer 903,customer903@example.com,Japan,Printer 903,Electronics,417.52,417.52,2026-01
904,904,904,904,2026-06-04 07:35:08.401093,5,320.84,Customer 904,customer904@example.com,France,Mouse 904,Fashion,320.84,1604.1999999999998,2026-06
905,905,905,905,2026-04-29 07:35:08.401128,5,476.4,Customer 905,customer905@example.com,Canada,Speaker 905,Fashion,238.2,1191.0,2026-04
906,906,906,906,2026-02-16 07:35:08.401160,4,153.97,Customer 906,customer906@example.com,Usa,Speaker 906,Sports,153.97,615.88,2026-02
907,907,907,907,2026-04-17 07:35:08.401195,3,463.42,Customer 907,customer907@example.com,Australia,Tablet 907,Sports,463.42,1390.26,2026-04
908,908,908,908,2025-08-29 07:35:08.401292,2,477.78,Customer 908,customer908@example.com,Uk,Keyboard 908,Fashion,477.78,955.56,2025-08
909,909,909,909,2026-07-18 07:35:08.401325,4,1320.12,Customer 909,customer909@example.com,India,Laptop 909,Home,440.04,1760.16,2026-07
910,910,910,910,2025-11-14 07:35:08.401357,5,897.63,Customer 910,customer910@example.com,Germany,Tablet 910,Books,299.21,1496.05,2025-11
911,911,911,911,2025-11-29 07:35:08.401389,3,310.74,Customer 911,customer911@example.com,India,Camera 911,Books,103.58,310.74,2025-11
912,912,912,912,2025-09-01 07:35:08.401421,3,186.59,Customer 912,customer912@example.com,Japan,Smartphone 912,Fashion,186.59,559.77,2025-09
913,913,913,913,2026-05-02 07:35:08.401455,5,327.21,Customer 913,customer913@example.com,Usa,Smartwatch 913,Beauty,327.21,1636.05,2026-05
914,914,914,914,2026-05-12 07:35:08.401487,4,434.51,Customer 914,customer914@example.com,Usa,Mouse 914,Home,434.51,1738.04,2026-05
915,915,915,915,2026-01-06 07:35:08.401520,3,790.82,Customer 915,customer915@example.com,Uk,Camera 915,Electronics,395.41,1186.23,2026-01
916,916,916,916,2025-11-05 07:35:08.401553,2,32.78,Customer 916,customer916@example.com,Usa,Headphones 916,Books,32.78,65.56,2025-11
917,917,917,917,2025-09-08 07:35:08.401586,1,983.7,Customer 917,customer917@example.com,Canada,Printer 917,Books,491.85,491.85,2025-09
918,918,918,918,2026-04-22 07:35:08.401618,2,360.99,Customer 918,customer918@example.com,India,Mouse 918,Beauty,360.99,721.98,2026-04
919,919,919,919,2026-04-28 07:35:08.401652,3,889.18,Customer 919,customer919@example.com,Canada,Speaker 919,Fashion,444.59,1333.77,2026-04
920,920,920,920,2026-01-15 07:35:08.401684,1,216.79,Customer 920,customer920@example.com,France,Headphones 920,Fashion,216.79,216.79,2026-01
921,921,921,921,2026-04-26 07:35:08.401717,5,31.48,Customer 921,customer921@example.com,Uk,Speaker 921,Fashion,15.74,78.7,2026-04
922,922,922,922,2026-03-23 07:35:08.401749,3,773.14,Customer 922,customer922@example.com,Canada,Smartwatch 922,Beauty,386.57,1159.71,2026-03
923,923,923,923,2026-06-13 07:35:08.401782,2,437.98,Customer 923,customer923@example.com,France,Smartphone 923,Fashion,218.99,437.98,2026-06
924,924,924,924,2026-04-29 07:35:08.401816,4,843.36,Customer 924,customer924@example.com,France,Printer 924,Books,281.12,1124.48,2026-04
925,925,925,925,2025-10-28 07:35:08.401851,2,1176.51,Customer 925,customer925@example.com,India,Keyboard 925,Sports,392.17,784.34,2025-10
926,926,926,926,2026-07-06 07:35:08.401886,4,943.34,Customer 926,customer926@example.com,Germany,Headphones 926,Sports,471.67,1886.68,2026-07
927,927,927,927,2025-09-21 07:35:08.401918,5,133.15,Customer 927,customer927@example.com,France,Laptop 927,Electronics,133.15,665.75,2025-09
928,928,928,928,2026-02-02 07:35:08.401955,1,326.58,Customer 928,customer928@example.com,Germany,Speaker 928,Home,326.58,326.58,2026-02
929,929,929,929,2025-09-08 07:35:08.401988,1,239.34,Customer 929,customer929@example.com,Uk,Tablet 929,Books,79.78,79.78,2025-09
930,930,930,930,2026-02-07 07:35:08.402022,3,275.22,Customer 930,customer930@example.com,Australia,Smartwatch 930,Electronics,275.22,825.6600000000001,2026-02
931,931,931,931,2025-09-26 07:35:08.402056,5,240.14,Customer 931,customer931@example.com,Uk,Printer 931,Fashion,120.07,600.3499999999999,2025-09
932,932,932,932,2025-12-29 07:35:08.402089,3,737.8,Customer 932,customer932@example.com,Canada,Smartwatch 932,Beauty,368.9,1106.6999999999998,2025-12
933,933,933,933,2025-11-24 07:35:08.402121,5,667.65,Customer 933,customer933@example.com,Australia,Tablet 933,Sports,222.55,1112.75,2025-11
934,934,934,934,2026-03-31 07:35:08.402154,3,188.46,Customer 934,customer934@example.com,Japan,Laptop 934,Sports,62.82,188.46,2026-03
935,935,935,935,2025-12-22 07:35:08.402186,1,290.94,Customer 935,customer935@example.com,India,Printer 935,Books,290.94,290.94,2025-12
936,936,936,936,2026-02-05 07:35:08.402220,3,367.24,Customer 936,customer936@example.com,France,Speaker 936,Electronics,367.24,1101.72,2026-02
937,937,937,937,2026-05-04 07:35:08.402258,4,283.65,Customer 937,customer937@example.com,France,Headphones 937,Home,283.65,1134.6,2026-05
938,938,938,938,2025-09-16 07:35:08.402290,4,1373.82,Customer 938,customer938@example.com,India,Smartwatch 938,Electronics,457.94,1831.76,2025-09
939,939,939,939,2026-07-23 07:35:08.402326,1,448.93,Customer 939,customer939@example.com,India,Camera 939,Books,448.93,448.93,2026-07
940,940,940,940,2025-09-28 07:35:08.402358,4,701.72,Customer 940,customer940@example.com,Uk,Speaker 940,Sports,350.86,1403.44,2025-09
941,941,941,941,2025-12-17 07:35:08.402391,1,289.35,Customer 941,customer941@example.com,Canada,Smartwatch 941,Sports,289.35,289.35,2025-12
942,942,942,942,2026-03-29 07:35:08.402423,1,677.31,Customer 942,customer942@example.com,Germany,Tablet 942,Home,225.77,225.77,2026-03
943,943,943,943,2026-03-20 07:35:08.402455,3,850.94,Customer 943,customer943@example.com,Germany,Speaker 943,Home,425.47,1276.41,2026-03
944,944,944,944,2026-05-27 07:35:08.402490,1,1294.11,Customer 944,customer944@example.com,Canada,Headphones 944,Fashion,431.37,431.37,2026-05
945,945,945,945,2026-07-04 07:35:08.402522,4,1062.15,Customer 945,customer945@example.com,Germany,Camera 945,Beauty,354.05,1416.2,2026-07
946,946,946,946,2025-08-04 07:35:08.402555,2,283.91,Customer 946,customer946@example.com,Usa,Keyboard 946,Books,283.91,567.82,2025-08
947,947,947,947,2025-08-27 07:35:08.402587,4,442.22,Customer 947,customer947@example.com,Usa,Mouse 947,Books,221.11,884.44,2025-08
948,948,948,948,2026-07-04 07:35:08.402619,3,1470.87,Customer 948,customer948@example.com,Japan,Headphones 948,Sports,490.29,1470.8700000000001,2026-07
949,949,949,949,2025-09-02 07:35:08.402655,4,1470.27,Customer 949,customer949@example.com,Uk,Tablet 949,Home,490.09,1960.36,2025-09
950,950,950,950,2026-06-12 07:35:08.402690,3,702.48,Customer 950,customer950@example.com,Japan,Speaker 950,Books,351.24,1053.72,2026-06
951,951,951,951,2025-11-05 07:35:08.402722,3,182.09,Customer 951,customer951@example.com,Japan,Tablet 951,Home,182.09,546.27,2025-11
952,952,952,952,2025-10-14 07:35:08.402754,5,32.32,Customer 952,customer952@example.com,Uk,Laptop 952,Sports,16.16,80.8,2025-10
953,953,953,953,2026-05-02 07:35:08.402786,4,1311.99,Customer 953,customer953@example.com,Germany,Camera 953,Electronics,437.33,1749.32,2026-05
954,954,954,954,2026-06-10 07:35:08.402819,4,62.81,Customer 954,customer954@example.com,Canada,Smartwatch 954,Fashion,62.81,251.24,2026-06
955,955,955,955,2026-05-20 07:35:08.402851,2,675.34,Customer 955,customer955@example.com,Japan,Printer 955,Electronics,337.67,675.34,2026-05
956,956,956,956,2025-10-10 07:35:08.402949,5,1005.36,Customer 956,customer956@example.com,Canada,Keyboard 956,Electronics,335.12,1675.6,2025-10
957,957,957,957,2026-06-19 07:35:08.402982,4,472.68,Customer 957,customer957@example.com,Australia,Tablet 957,Fashion,472.68,1890.72,2026-06
958,958,958,958,2026-04-26 07:35:08.403014,1,775.42,Customer 958,customer958@example.com,France,Printer 958,Fashion,387.71,387.71,2026-04
959,959,959,959,2025-10-29 07:35:08.403046,1,99.39,Customer 959,customer959@example.com,Usa,Keyboard 959,Electronics,33.13,33.13,2025-10
960,960,960,960,2026-02-18 07:35:08.403080,1,702.12,Customer 960,customer960@example.com,Usa,Tablet 960,Electronics,234.04,234.04,2026-02
961,961,961,961,2026-03-30 07:35:08.403118,3,451.16,Customer 961,customer961@example.com,Usa,Speaker 961,Home,451.16,1353.48,2026-03
962,962,962,962,2025-09-14 07:35:08.403153,3,136.51,Customer 962,customer962@example.com,Germany,Mouse 962,Beauty,136.51,409.53,2025-09
963,963,963,963,2025-09-14 07:35:08.403185,4,410.2,Customer 963,customer963@example.com,Japan,Smartwatch 963,Home,410.2,1640.8,2025-09
964,964,964,964,2026-02-14 07:35:08.403223,2,1356.27,Customer 964,customer964@example.com,Canada,Smartphone 964,Home,452.09,904.18,2026-02
965,965,965,965,2025-11-19 07:35:08.403256,2,203.5,Customer 965,customer965@example.com,France,Smartphone 965,Electronics,203.5,407.0,2025-11
966,966,966,966,2026-01-23 07:35:08.403288,4,152.91,Customer 966,customer966@example.com,Usa,Speaker 966,Home,50.97,203.88,2026-01
967,967,967,967,2026-03-25 07:35:08.403320,2,331.56,Customer 967,customer967@example.com,Germany,Tablet 967,Beauty,165.78,331.56,2026-03
968,968,968,968,2025-12-19 07:35:08.403355,1,240.74,Customer 968,customer968@example.com,France,Keyboard 968,Electronics,120.37,120.37,2025-12
969,969,969,969,2026-07-23 07:35:08.403387,5,113.37,Customer 969,customer969@example.com,Uk,Keyboard 969,Fashion,37.79,188.95,2026-07
970,970,970,970,2026-05-31 07:35:08.403419,2,35.04,Customer 970,customer970@example.com,Germany,Laptop 970,Books,11.68,23.36,2026-05
971,971,971,971,2025-08-16 07:35:08.403453,4,935.58,Customer 971,customer971@example.com,Japan,Smartwatch 971,Beauty,311.86,1247.44,2025-08
972,972,972,972,2026-01-14 07:35:08.403486,3,119.68,Customer 972,customer972@example.com,Australia,Keyboard 972,Fashion,119.68,359.04,2026-01
973,973,973,973,2026-04-16 07:35:08.403528,4,987.74,Customer 973,customer973@example.com,Japan,Keyboard 973,Home,493.87,1975.48,2026-04
974,974,974,974,2026-03-28 07:35:08.403567,2,1008.09,Customer 974,customer974@example.com,India,Camera 974,Fashion,336.03,672.06,2026-03
975,975,975,975,2026-04-13 07:35:08.403606,4,432.59,Customer 975,customer975@example.com,India,Printer 975,Sports,432.59,1730.36,2026-04
976,976,976,976,2025-12-22 07:35:08.403650,2,232.84,Customer 976,customer976@example.com,Japan,Laptop 976,Home,116.42,232.84,2025-12
977,977,977,977,2025-12-04 07:35:08.403683,2,1179.33,Customer 977,customer977@example.com,Uk,Speaker 977,Sports,393.11,786.22,2025-12
978,978,978,978,2026-02-12 07:35:08.403716,1,104.04,Customer 978,customer978@example.com,Usa,Smartphone 978,Electronics,52.02,52.02,2026-02
979,979,979,979,2026-05-03 07:35:08.403748,3,591.78,Customer 979,customer979@example.com,India,Mouse 979,Fashion,295.89,887.67,2026-05
980,980,980,980,2025-08-12 07:35:08.403785,2,280.64,Customer 980,customer980@example.com,Japan,Headphones 980,Sports,280.64,561.28,2025-08
981,981,981,981,2025-12-18 07:35:08.403818,5,731.01,Customer 981,customer981@example.com,Japan,Printer 981,Books,243.67,1218.35,2025-12
982,982,982,982,2026-02-28 07:35:08.403850,4,444.38,Customer 982,customer982@example.com,India,Camera 982,Electronics,444.38,1777.52,2026-02
983,983,983,983,2026-03-24 07:35:08.403888,2,53.46,Customer 983,customer983@example.com,India,Mouse 983,Books,17.82,35.64,2026-03
984,984,984,984,2026-07-11 07:35:08.403923,3,480.75,Customer 984,customer984@example.com,Usa,Tablet 984,Beauty,160.25,480.75,2026-07
985,985,985,985,2025-12-03 07:35:08.403958,4,739.94,Customer 985,customer985@example.com,Uk,Mouse 985,Electronics,369.97,1479.88,2025-12
986,986,986,986,2026-04-24 07:35:08.403990,4,355.28,Customer 986,customer986@example.com,Japan,Speaker 986,Beauty,177.64,710.56,2026-04
987,987,987,987,2026-03-29 07:35:08.404024,1,21.27,Customer 987,customer987@example.com,India,Keyboard 987,Electronics,21.27,21.27,2026-03
988,988,988,988,2026-06-25 07:35:08.404056,2,49.77,Customer 988,customer988@example.com,Canada,Laptop 988,Beauty,16.59,33.18,2026-06
989,989,989,989,2026-06-15 07:35:08.404089,1,155.94,Customer 989,customer989@example.com,Canada,Laptop 989,Beauty,77.97,77.97,2026-06
990,990,990,990,2025-09-25 07:35:08.404121,2,486.52,Customer 990,customer990@example.com,India,Keyboard 990,Home,243.26,486.52,2025-09
991,991,991,991,2026-06-23 07:35:08.404153,2,139.0,Customer 991,customer991@example.com,Canada,Headphones 991,Home,139.0,278.0,2026-06
992,992,992,992,2026-02-05 07:35:08.404189,2,774.78,Customer 992,customer992@example.com,France,Mouse 992,Books,258.26,516.52,2026-02
993,993,993,993,2025-12-15 07:35:08.404222,1,118.8,Customer 993,customer993@example.com,Australia,Camera 993,Beauty,39.6,39.6,2025-12
994,994,994,994,2025-11-28 07:35:08.404257,3,732.6,Customer 994,customer994@example.com,Canada,Mouse 994,Fashion,366.3,1098.9,2025-11
995,995,995,995,2026-02-15 07:35:08.404289,4,61.84,Customer 995,customer995@example.com,Germany,Mouse 995,Home,30.92,123.68,2026-02
996,996,996,996,2026-05-16 07:35:08.404324,4,792.5,Customer 996,customer996@example.com,Japan,Laptop 996,Home,396.25,1585.0,2026-05
997,997,997,997,2026-07-20 07:35:08.404358,4,403.46,Customer 997,customer997@example.com,Germany,Smartphone 997,Electronics,201.73,806.92,2026-07
998,998,998,998,2026-07-01 07:35:08.404390,3,474.19,Customer 998,customer998@example.com,Australia,Speaker 998,Books,474.19,1422.57,2026-07
999,999,999,999,2025-09-12 07:35:08.404423,3,751.05,Customer 999,customer999@example.com,Australia,Tablet 999,Books,250.35,751.05,2025-09
1000,1000,1000,1000,2026-06-29 07:35:08.404455,1,385.88,Customer 1000,customer1000@example.com,France,Camera 1000,Beauty,192.94,192.94,2026-06
